showdate,showyear,exclude,position,transition,set,isjam,isreprise,gap,tourname,tourwhen,song,nickname,is_original,venue,city,state,country,trans_mark
2015-01-01,2015,0,1,1,1,0,0,4,2014/2015 NYE Run,2014-2015 NYE,Tube,,1,American Airlines Arena,Miami,FL,USA,","
2015-01-01,2015,0,2,1,1,0,0,6,2014/2015 NYE Run,2014-2015 NYE,Gumbo,,1,American Airlines Arena,Miami,FL,USA,","
2015-01-01,2015,0,3,1,1,0,0,2,2014/2015 NYE Run,2014-2015 NYE,David Bowie,Bowie,1,American Airlines Arena,Miami,FL,USA,","
2015-01-01,2015,0,4,1,1,0,0,4,2014/2015 NYE Run,2014-2015 NYE,Lawn Boy,,1,American Airlines Arena,Miami,FL,USA,","
2015-01-01,2015,0,5,1,1,0,0,10,2014/2015 NYE Run,2014-2015 NYE,Undermind,,0,American Airlines Arena,Miami,FL,USA,","
2015-01-01,2015,0,6,1,1,0,0,5,2014/2015 NYE Run,2014-2015 NYE,Yarmouth Road,,1,American Airlines Arena,Miami,FL,USA,","
2015-01-01,2015,0,7,1,1,0,0,3,2014/2015 NYE Run,2014-2015 NYE,Wingsuit,,1,American Airlines Arena,Miami,FL,USA,","
2015-01-01,2015,0,8,2,1,0,0,6,2014/2015 NYE Run,2014-2015 NYE,Poor Heart,,1,American Airlines Arena,Miami,FL,USA,>
2015-01-01,2015,0,9,4,1,0,0,2,2014/2015 NYE Run,2014-2015 NYE,Bathtub Gin,Gin,1,American Airlines Arena,Miami,FL,USA,
2015-01-01,2015,0,10,2,2,0,0,3,2014/2015 NYE Run,2014-2015 NYE,Twist,,1,American Airlines Arena,Miami,FL,USA,>
2015-01-01,2015,0,11,2,2,0,0,2,2014/2015 NYE Run,2014-2015 NYE,Piper,,1,American Airlines Arena,Miami,FL,USA,>
2015-01-01,2015,0,12,3,2,0,0,8,2014/2015 NYE Run,2014-2015 NYE,Prince Caspian,Caspian,1,American Airlines Arena,Miami,FL,USA,->
2015-01-01,2015,0,13,2,2,0,0,10,2014/2015 NYE Run,2014-2015 NYE,Twenty Years Later,,1,American Airlines Arena,Miami,FL,USA,>
2015-01-01,2015,0,14,1,2,0,0,7,2014/2015 NYE Run,2014-2015 NYE,Winterqueen,,0,American Airlines Arena,Miami,FL,USA,","
2015-01-01,2015,0,15,1,2,0,0,3,2014/2015 NYE Run,2014-2015 NYE,Wading in the Velvet Sea,Velvet Sea,1,American Airlines Arena,Miami,FL,USA,","
2015-01-01,2015,0,16,2,2,0,0,6,2014/2015 NYE Run,2014-2015 NYE,Run Like an Antelope,Antelope,1,American Airlines Arena,Miami,FL,USA,>
2015-01-01,2015,0,17,5,2,0,0,8,2014/2015 NYE Run,2014-2015 NYE,Rock and Roll,R&amp;R,0,American Airlines Arena,Miami,FL,USA,
2015-01-01,2015,0,18,6,e,0,0,5,2014/2015 NYE Run,2014-2015 NYE,Meatstick,,1,American Airlines Arena,Miami,FL,USA,
2015-01-02,2015,0,1,1,1,0,0,3,2014/2015 NYE Run,2014-2015 NYE,Free,,1,American Airlines Arena,Miami,FL,USA,","
2015-01-02,2015,0,2,2,1,0,0,3,2014/2015 NYE Run,2014-2015 NYE,The Moma Dance,Moma,1,American Airlines Arena,Miami,FL,USA,>
2015-01-02,2015,0,3,1,1,0,0,4,2014/2015 NYE Run,2014-2015 NYE,Possum,,1,American Airlines Arena,Miami,FL,USA,","
2015-01-02,2015,0,4,1,1,0,0,4,2014/2015 NYE Run,2014-2015 NYE,Roggae,,1,American Airlines Arena,Miami,FL,USA,","
2015-01-02,2015,0,5,1,1,0,0,8,2014/2015 NYE Run,2014-2015 NYE,Stash,,1,American Airlines Arena,Miami,FL,USA,","
2015-01-02,2015,0,6,1,1,0,0,4,2014/2015 NYE Run,2014-2015 NYE,Back on the Train,BOTT,0,American Airlines Arena,Miami,FL,USA,","
2015-01-02,2015,0,7,1,1,0,0,3,2014/2015 NYE Run,2014-2015 NYE,Sugar Shack,,1,American Airlines Arena,Miami,FL,USA,","
2015-01-02,2015,0,8,1,1,0,0,3,2014/2015 NYE Run,2014-2015 NYE,The Line,,1,American Airlines Arena,Miami,FL,USA,","
2015-01-02,2015,0,9,1,1,0,0,3,2014/2015 NYE Run,2014-2015 NYE,Ocelot,,1,American Airlines Arena,Miami,FL,USA,","
2015-01-02,2015,0,10,4,1,0,0,14,2014/2015 NYE Run,2014-2015 NYE,The Squirming Coil,Coil,1,American Airlines Arena,Miami,FL,USA,
2015-01-02,2015,0,11,2,2,0,0,7,2014/2015 NYE Run,2014-2015 NYE,Mike's Song,Mike's,1,American Airlines Arena,Miami,FL,USA,>
2015-01-02,2015,0,12,2,2,0,0,5,2014/2015 NYE Run,2014-2015 NYE,46 Days,,1,American Airlines Arena,Miami,FL,USA,>
2015-01-02,2015,0,13,1,2,0,0,7,2014/2015 NYE Run,2014-2015 NYE,Weekapaug Groove,Weekapaug,1,American Airlines Arena,Miami,FL,USA,","
2015-01-02,2015,0,14,2,2,0,0,4,2014/2015 NYE Run,2014-2015 NYE,Fuego,,1,American Airlines Arena,Miami,FL,USA,>
2015-01-02,2015,0,15,1,2,0,0,3,2014/2015 NYE Run,2014-2015 NYE,Slave to the Traffic Light,Slave,1,American Airlines Arena,Miami,FL,USA,","
2015-01-02,2015,0,16,2,2,0,0,8,2014/2015 NYE Run,2014-2015 NYE,Also Sprach Zarathustra,2001,0,American Airlines Arena,Miami,FL,USA,>
2015-01-02,2015,0,17,5,2,0,0,3,2014/2015 NYE Run,2014-2015 NYE,Walls of the Cave,WotC,1,American Airlines Arena,Miami,FL,USA,
2015-01-02,2015,0,18,2,e,0,0,14,2014/2015 NYE Run,2014-2015 NYE,Sleeping Monkey,,1,American Airlines Arena,Miami,FL,USA,>
2015-01-02,2015,0,19,6,e,0,0,14,2014/2015 NYE Run,2014-2015 NYE,Rocky Top,,0,American Airlines Arena,Miami,FL,USA,
2015-01-03,2015,0,1,1,1,0,0,9,2014/2015 NYE Run,2014-2015 NYE,Maze,,1,American Airlines Arena,Miami,FL,USA,","
2015-01-03,2015,0,2,2,1,0,0,10,2014/2015 NYE Run,2014-2015 NYE,AC/DC Bag,Bag,1,American Airlines Arena,Miami,FL,USA,>
2015-01-03,2015,0,3,1,1,0,0,11,2014/2015 NYE Run,2014-2015 NYE,Divided Sky,Divided,1,American Airlines Arena,Miami,FL,USA,","
2015-01-03,2015,0,4,2,1,0,0,14,2014/2015 NYE Run,2014-2015 NYE,Cavern,,1,American Airlines Arena,Miami,FL,USA,>
2015-01-03,2015,0,5,1,1,0,0,6,2014/2015 NYE Run,2014-2015 NYE,Scent of a Mule,SOAMule,1,American Airlines Arena,Miami,FL,USA,","
2015-01-03,2015,0,6,1,1,0,0,8,2014/2015 NYE Run,2014-2015 NYE,Plasma,,0,American Airlines Arena,Miami,FL,USA,","
2015-01-03,2015,0,7,1,1,0,0,10,2014/2015 NYE Run,2014-2015 NYE,Devotion to a Dream,,1,American Airlines Arena,Miami,FL,USA,","
2015-01-03,2015,0,8,1,1,0,0,8,2014/2015 NYE Run,2014-2015 NYE,Water in the Sky,,1,American Airlines Arena,Miami,FL,USA,","
2015-01-03,2015,0,9,1,1,0,0,7,2014/2015 NYE Run,2014-2015 NYE,Split Open and Melt,SOAMelt,1,American Airlines Arena,Miami,FL,USA,","
2015-01-03,2015,0,10,4,1,0,0,7,2014/2015 NYE Run,2014-2015 NYE,Character Zero,,1,American Airlines Arena,Miami,FL,USA,
2015-01-03,2015,0,11,2,2,0,0,7,2014/2015 NYE Run,2014-2015 NYE,Stealing Time From the Faulty Plan,STFTFP,1,American Airlines Arena,Miami,FL,USA,>
2015-01-03,2015,0,12,2,2,0,0,7,2014/2015 NYE Run,2014-2015 NYE,Down with Disease,DwD,1,American Airlines Arena,Miami,FL,USA,>
2015-01-03,2015,0,13,3,2,0,0,5,2014/2015 NYE Run,2014-2015 NYE,Light,,0,American Airlines Arena,Miami,FL,USA,->
2015-01-03,2015,0,14,2,2,0,0,16,2014/2015 NYE Run,2014-2015 NYE,Sneakin' Sally Through the Alley,Sneakin' Sally,0,American Airlines Arena,Miami,FL,USA,>
2015-01-03,2015,0,15,2,2,0,0,6,2014/2015 NYE Run,2014-2015 NYE,Sand,,0,American Airlines Arena,Miami,FL,USA,>
2015-01-03,2015,0,16,2,2,0,0,5,2014/2015 NYE Run,2014-2015 NYE,Harry Hood,Hood,1,American Airlines Arena,Miami,FL,USA,>
2015-01-03,2015,0,17,5,2,0,0,10,2014/2015 NYE Run,2014-2015 NYE,Suzy Greenberg,Suzy,1,American Airlines Arena,Miami,FL,USA,
2015-01-03,2015,0,18,6,e,0,0,23,2014/2015 NYE Run,2014-2015 NYE,Good Times Bad Times,GTBT,0,American Airlines Arena,Miami,FL,USA,
2015-07-21,2015,0,1,1,1,0,0,4,2015 Summer,2015 Summer,Sample in a Jar,Sample,1,Les Schwab Amphitheater,Bend,OR,USA,","
2015-07-21,2015,0,2,1,1,0,0,1,2015 Summer,2015 Summer,Sand,,0,Les Schwab Amphitheater,Bend,OR,USA,","
2015-07-21,2015,0,3,1,1,0,0,4,2015 Summer,2015 Summer,555,,1,Les Schwab Amphitheater,Bend,OR,USA,","
2015-07-21,2015,0,4,1,1,0,0,10,2015 Summer,2015 Summer,Rift,,1,Les Schwab Amphitheater,Bend,OR,USA,","
2015-07-21,2015,0,5,1,1,0,0,4,2015 Summer,2015 Summer,Halfway to the Moon,,1,Les Schwab Amphitheater,Bend,OR,USA,","
2015-07-21,2015,0,6,2,1,0,0,6,2015 Summer,2015 Summer,Horn,,1,Les Schwab Amphitheater,Bend,OR,USA,>
2015-07-21,2015,0,7,1,1,0,0,1,2015 Summer,2015 Summer,Devotion to a Dream,,1,Les Schwab Amphitheater,Bend,OR,USA,","
2015-07-21,2015,0,8,1,1,0,0,1682,2015 Summer,2015 Summer,Blaze On,,1,Les Schwab Amphitheater,Bend,OR,USA,","
2015-07-21,2015,0,9,1,1,0,0,3,2015 Summer,2015 Summer,Tube,,1,Les Schwab Amphitheater,Bend,OR,USA,","
2015-07-21,2015,0,10,4,1,0,0,4,2015 Summer,2015 Summer,Wolfman's Brother,Wolfman's,1,Les Schwab Amphitheater,Bend,OR,USA,
2015-07-21,2015,0,11,2,2,0,0,4,2015 Summer,2015 Summer,Ghost,,1,Les Schwab Amphitheater,Bend,OR,USA,>
2015-07-21,2015,0,12,1,2,0,0,4,2015 Summer,2015 Summer,Birds of a Feather,BOAF,1,Les Schwab Amphitheater,Bend,OR,USA,","
2015-07-21,2015,0,13,2,2,0,0,2,2015 Summer,2015 Summer,Mike's Song,Mike's,1,Les Schwab Amphitheater,Bend,OR,USA,>
2015-07-21,2015,0,14,1,2,0,0,4,2015 Summer,2015 Summer,The Wedge,Wedge,1,Les Schwab Amphitheater,Bend,OR,USA,","
2015-07-21,2015,0,15,2,2,0,0,2,2015 Summer,2015 Summer,Fuego,,1,Les Schwab Amphitheater,Bend,OR,USA,>
2015-07-21,2015,0,16,1,2,0,0,1682,2015 Summer,2015 Summer,Shade,,1,Les Schwab Amphitheater,Bend,OR,USA,","
2015-07-21,2015,0,17,2,2,0,0,1682,2015 Summer,2015 Summer,No Men In No Man's Land,NMINML,1,Les Schwab Amphitheater,Bend,OR,USA,>
2015-07-21,2015,0,18,2,2,0,0,2,2015 Summer,2015 Summer,Weekapaug Groove,Weekapaug,1,Les Schwab Amphitheater,Bend,OR,USA,>
2015-07-21,2015,0,19,2,2,0,0,14,2015 Summer,2015 Summer,Boogie On Reggae Woman,Boogie On,0,Les Schwab Amphitheater,Bend,OR,USA,>
2015-07-21,2015,0,20,5,2,0,0,4,2015 Summer,2015 Summer,Chalk Dust Torture,CDT,1,Les Schwab Amphitheater,Bend,OR,USA,
2015-07-21,2015,0,21,6,e,0,0,4,2015 Summer,2015 Summer,Theme From the Bottom,Theme,1,Les Schwab Amphitheater,Bend,OR,USA,
2015-07-22,2015,0,1,1,1,0,0,3,2015 Summer,2015 Summer,Stash,,1,Les Schwab Amphitheater,Bend,OR,USA,","
2015-07-22,2015,0,2,1,1,0,0,1679,2015 Summer,2015 Summer,How Many People Are You,,0,Les Schwab Amphitheater,Bend,OR,USA,","
2015-07-22,2015,0,3,1,1,0,0,4,2015 Summer,2015 Summer,Winterqueen,,0,Les Schwab Amphitheater,Bend,OR,USA,","
2015-07-22,2015,0,4,1,1,0,0,1687,2015 Summer,2015 Summer,Heavy Rotation,,0,Les Schwab Amphitheater,Bend,OR,USA,","
2015-07-22,2015,0,5,1,1,0,0,3,2015 Summer,2015 Summer,Back on the Train,BOTT,0,Les Schwab Amphitheater,Bend,OR,USA,","
2015-07-22,2015,0,6,2,1,0,0,1679,2015 Summer,2015 Summer,Scabbard,,0,Les Schwab Amphitheater,Bend,OR,USA,>
2015-07-22,2015,0,7,1,1,0,0,2,2015 Summer,2015 Summer,Maze,,1,Les Schwab Amphitheater,Bend,OR,USA,","
2015-07-22,2015,0,8,1,1,0,0,1683,2015 Summer,2015 Summer,Mercury,,1,Les Schwab Amphitheater,Bend,OR,USA,","
2015-07-22,2015,0,9,4,1,0,0,3,2015 Summer,2015 Summer,Possum,,1,Les Schwab Amphitheater,Bend,OR,USA,
2015-07-22,2015,0,10,2,2,0,0,5,2015 Summer,2015 Summer,A Song I Heard the Ocean Sing,ASIHTOS,1,Les Schwab Amphitheater,Bend,OR,USA,>
2015-07-22,2015,0,11,2,2,0,0,14,2015 Summer,2015 Summer,Waves,,1,Les Schwab Amphitheater,Bend,OR,USA,>
2015-07-22,2015,0,12,1,2,0,0,4,2015 Summer,2015 Summer,Wingsuit,,1,Les Schwab Amphitheater,Bend,OR,USA,","
2015-07-22,2015,0,13,2,2,0,0,17,2015 Summer,2015 Summer,Farmhouse,,1,Les Schwab Amphitheater,Bend,OR,USA,>
2015-07-22,2015,0,14,1,2,0,0,5,2015 Summer,2015 Summer,Simple,,1,Les Schwab Amphitheater,Bend,OR,USA,","
2015-07-22,2015,0,15,5,2,0,0,9,2015 Summer,2015 Summer,First Tube,,0,Les Schwab Amphitheater,Bend,OR,USA,
2015-07-22,2015,0,16,6,e,0,0,4,2015 Summer,2015 Summer,Bathtub Gin,Gin,1,Les Schwab Amphitheater,Bend,OR,USA,
2015-07-24,2015,0,1,1,1,0,0,4,2015 Summer,2015 Summer,The Line,,1,Shoreline Amphitheatre,Mountain View,CA,USA,","
2015-07-24,2015,0,2,1,1,0,0,4,2015 Summer,2015 Summer,The Moma Dance,Moma,1,Shoreline Amphitheatre,Mountain View,CA,USA,","
2015-07-24,2015,0,3,1,1,0,0,6,2015 Summer,2015 Summer,Kill Devil Falls,KDF,1,Shoreline Amphitheatre,Mountain View,CA,USA,","
2015-07-24,2015,0,4,1,1,0,0,5,2015 Summer,2015 Summer,Yarmouth Road,,1,Shoreline Amphitheatre,Mountain View,CA,USA,","
2015-07-24,2015,0,5,2,1,0,0,5,2015 Summer,2015 Summer,Undermind,,0,Shoreline Amphitheatre,Mountain View,CA,USA,>
2015-07-24,2015,0,6,1,1,0,0,4,2015 Summer,2015 Summer,Free,,1,Shoreline Amphitheatre,Mountain View,CA,USA,","
2015-07-24,2015,0,7,1,1,0,0,9,2015 Summer,2015 Summer,Reba,,1,Shoreline Amphitheatre,Mountain View,CA,USA,","
2015-07-24,2015,0,8,4,1,0,0,4,2015 Summer,2015 Summer,46 Days,,1,Shoreline Amphitheatre,Mountain View,CA,USA,
2015-07-24,2015,0,9,2,2,0,0,2,2015 Summer,2015 Summer,Blaze On,,1,Shoreline Amphitheatre,Mountain View,CA,USA,>
2015-07-24,2015,0,10,2,2,0,0,5,2015 Summer,2015 Summer,Twist,,1,Shoreline Amphitheatre,Mountain View,CA,USA,>
2015-07-24,2015,0,11,2,2,0,0,3,2015 Summer,2015 Summer,Light,,0,Shoreline Amphitheatre,Mountain View,CA,USA,>
2015-07-24,2015,0,12,1,2,0,0,19,2015 Summer,2015 Summer,Joy,,1,Shoreline Amphitheatre,Mountain View,CA,USA,","
2015-07-24,2015,0,13,2,2,0,0,3,2015 Summer,2015 Summer,Harry Hood,Hood,1,Shoreline Amphitheatre,Mountain View,CA,USA,>
2015-07-24,2015,0,14,5,2,0,0,3,2015 Summer,2015 Summer,Cavern,,1,Shoreline Amphitheatre,Mountain View,CA,USA,
2015-07-24,2015,0,15,6,e,0,0,3,2015 Summer,2015 Summer,Character Zero,,1,Shoreline Amphitheatre,Mountain View,CA,USA,
2015-07-25,2015,0,1,1,1,0,0,7,2015 Summer,2015 Summer,Martian Monster,,1,The Forum,Inglewood,CA,USA,","
2015-07-25,2015,0,2,1,1,0,0,4,2015 Summer,2015 Summer,Down with Disease,DwD,1,The Forum,Inglewood,CA,USA,","
2015-07-25,2015,0,3,1,1,0,0,7,2015 Summer,2015 Summer,Waiting All Night,,1,The Forum,Inglewood,CA,USA,","
2015-07-25,2015,0,4,1,1,0,0,7,2015 Summer,2015 Summer,Heavy Things,,1,The Forum,Inglewood,CA,USA,","
2015-07-25,2015,0,5,1,1,0,0,7,2015 Summer,2015 Summer,Axilla,,1,The Forum,Inglewood,CA,USA,","
2015-07-25,2015,0,6,1,1,0,0,3,2015 Summer,2015 Summer,555,,1,The Forum,Inglewood,CA,USA,","
2015-07-25,2015,0,7,1,1,0,0,7,2015 Summer,2015 Summer,Limb By Limb,LxL,1,The Forum,Inglewood,CA,USA,","
2015-07-25,2015,0,8,1,1,0,0,16,2015 Summer,2015 Summer,Ya Mar,,0,The Forum,Inglewood,CA,USA,","
2015-07-25,2015,0,9,2,1,0,0,3,2015 Summer,2015 Summer,Fuego,,1,The Forum,Inglewood,CA,USA,>
2015-07-25,2015,0,10,4,1,0,0,5,2015 Summer,2015 Summer,Walls of the Cave,WotC,1,The Forum,Inglewood,CA,USA,
2015-07-25,2015,0,11,2,2,0,0,3,2015 Summer,2015 Summer,No Men In No Man's Land,NMINML,1,The Forum,Inglewood,CA,USA,>
2015-07-25,2015,0,12,3,2,0,0,14,2015 Summer,2015 Summer,Carini,,1,The Forum,Inglewood,CA,USA,->
2015-07-25,2015,0,13,2,2,0,0,7,2015 Summer,2015 Summer,Tweezer,,1,The Forum,Inglewood,CA,USA,>
2015-07-25,2015,0,14,2,2,0,0,9,2015 Summer,2015 Summer,"My Friend, My Friend",My Friend,1,The Forum,Inglewood,CA,USA,>
2015-07-25,2015,0,15,2,2,0,0,5,2015 Summer,2015 Summer,Roggae,,1,The Forum,Inglewood,CA,USA,>
2015-07-25,2015,0,16,2,2,0,0,7,2015 Summer,2015 Summer,Backwards Down the Number Line,BDTNL,0,The Forum,Inglewood,CA,USA,>
2015-07-25,2015,0,17,5,2,0,0,5,2015 Summer,2015 Summer,Slave to the Traffic Light,Slave,1,The Forum,Inglewood,CA,USA,
2015-07-25,2015,0,18,6,e,0,0,8,2015 Summer,2015 Summer,You Enjoy Myself,YEM,1,The Forum,Inglewood,CA,USA,
2015-07-28,2015,0,1,2,1,0,0,14,2015 Summer,2015 Summer,Party Time,,1,Austin360 Amphitheater,Del Valle,TX,USA,>
2015-07-28,2015,0,2,1,1,0,0,2,2015 Summer,2015 Summer,Free,,1,Austin360 Amphitheater,Del Valle,TX,USA,","
2015-07-28,2015,0,3,2,1,0,0,15,2015 Summer,2015 Summer,Halley's Comet,Halley's,1,Austin360 Amphitheater,Del Valle,TX,USA,>
2015-07-28,2015,0,4,1,1,0,0,4,2015 Summer,2015 Summer,Wolfman's Brother,Wolfman's,1,Austin360 Amphitheater,Del Valle,TX,USA,","
2015-07-28,2015,0,5,1,1,0,0,3,2015 Summer,2015 Summer,Possum,,1,Austin360 Amphitheater,Del Valle,TX,USA,","
2015-07-28,2015,0,6,1,1,0,0,7,2015 Summer,2015 Summer,Lawn Boy,,1,Austin360 Amphitheater,Del Valle,TX,USA,","
2015-07-28,2015,0,7,1,1,0,0,8,2015 Summer,2015 Summer,Bouncing Around the Room,Bouncin',1,Austin360 Amphitheater,Del Valle,TX,USA,","
2015-07-28,2015,0,8,2,1,0,0,5,2015 Summer,2015 Summer,Water in the Sky,,1,Austin360 Amphitheater,Del Valle,TX,USA,>
2015-07-28,2015,0,9,1,1,0,0,58,2015 Summer,2015 Summer,Dirt,,0,Austin360 Amphitheater,Del Valle,TX,USA,","
2015-07-28,2015,0,10,1,1,0,0,4,2015 Summer,2015 Summer,Devotion to a Dream,,1,Austin360 Amphitheater,Del Valle,TX,USA,","
2015-07-28,2015,0,11,1,1,0,0,6,2015 Summer,2015 Summer,Sugar Shack,,1,Austin360 Amphitheater,Del Valle,TX,USA,","
2015-07-28,2015,0,12,4,1,0,0,7,2015 Summer,2015 Summer,Run Like an Antelope,Antelope,1,Austin360 Amphitheater,Del Valle,TX,USA,
2015-07-28,2015,0,13,3,2,0,0,2,2015 Summer,2015 Summer,46 Days,,1,Austin360 Amphitheater,Del Valle,TX,USA,->
2015-07-28,2015,0,14,3,2,0,0,8,2015 Summer,2015 Summer,The Dogs,,1,Austin360 Amphitheater,Del Valle,TX,USA,->
2015-07-28,2015,0,15,2,2,0,0,0,2015 Summer,2015 Summer,46 Days,,1,Austin360 Amphitheater,Del Valle,TX,USA,>
2015-07-28,2015,0,16,2,2,0,0,7,2015 Summer,2015 Summer,Piper,,1,Austin360 Amphitheater,Del Valle,TX,USA,>
2015-07-28,2015,0,17,2,2,0,0,4,2015 Summer,2015 Summer,Ghost,,1,Austin360 Amphitheater,Del Valle,TX,USA,>
2015-07-28,2015,0,18,1,2,0,0,4,2015 Summer,2015 Summer,Shade,,1,Austin360 Amphitheater,Del Valle,TX,USA,","
2015-07-28,2015,0,19,1,2,0,0,15,2015 Summer,2015 Summer,Gotta Jibboo,Jibboo,0,Austin360 Amphitheater,Del Valle,TX,USA,","
2015-07-28,2015,0,20,1,2,0,0,1,2015 Summer,2015 Summer,Waiting All Night,,1,Austin360 Amphitheater,Del Valle,TX,USA,","
2015-07-28,2015,0,21,1,2,0,0,2,2015 Summer,2015 Summer,Blaze On,,1,Austin360 Amphitheater,Del Valle,TX,USA,","
2015-07-28,2015,0,22,2,2,0,0,7,2015 Summer,2015 Summer,Wading in the Velvet Sea,Velvet Sea,1,Austin360 Amphitheater,Del Valle,TX,USA,>
2015-07-28,2015,0,23,1,2,0,0,7,2015 Summer,2015 Summer,David Bowie,Bowie,1,Austin360 Amphitheater,Del Valle,TX,USA,","
2015-07-28,2015,0,24,2,2,0,0,5,2015 Summer,2015 Summer,Suzy Greenberg,Suzy,1,Austin360 Amphitheater,Del Valle,TX,USA,>
2015-07-28,2015,0,25,5,2,0,0,8,2015 Summer,2015 Summer,Tweezer Reprise,Tweeprise,1,Austin360 Amphitheater,Del Valle,TX,USA,
2015-07-28,2015,0,26,6,e,0,0,13,2015 Summer,2015 Summer,Loving Cup,,0,Austin360 Amphitheater,Del Valle,TX,USA,
2015-07-29,2015,0,1,1,1,0,0,5,2015 Summer,2015 Summer,Tube,,1,Verizon Theatre at Grand Prairie,Grand Prairie,TX,USA,","
2015-07-29,2015,0,2,2,1,0,0,28,2015 Summer,2015 Summer,Guelah Papyrus,Guelah,1,Verizon Theatre at Grand Prairie,Grand Prairie,TX,USA,>
2015-07-29,2015,0,3,2,1,0,0,12,2015 Summer,2015 Summer,Punch You in the Eye,PYITE,1,Verizon Theatre at Grand Prairie,Grand Prairie,TX,USA,>
2015-07-29,2015,0,4,2,1,0,0,18,2015 Summer,2015 Summer,Steam,,1,Verizon Theatre at Grand Prairie,Grand Prairie,TX,USA,>
2015-07-29,2015,0,5,1,1,0,0,8,2015 Summer,2015 Summer,Poor Heart,,1,Verizon Theatre at Grand Prairie,Grand Prairie,TX,USA,","
2015-07-29,2015,0,6,1,1,0,0,19,2015 Summer,2015 Summer,NICU,,1,Verizon Theatre at Grand Prairie,Grand Prairie,TX,USA,","
2015-07-29,2015,0,7,1,1,0,0,15,2015 Summer,2015 Summer,I Didn't Know,IDK,1,Verizon Theatre at Grand Prairie,Grand Prairie,TX,USA,","
2015-07-29,2015,0,8,1,1,0,0,6,2015 Summer,2015 Summer,Stealing Time From the Faulty Plan,STFTFP,1,Verizon Theatre at Grand Prairie,Grand Prairie,TX,USA,","
2015-07-29,2015,0,9,1,1,0,0,6,2015 Summer,2015 Summer,Divided Sky,Divided,1,Verizon Theatre at Grand Prairie,Grand Prairie,TX,USA,","
2015-07-29,2015,0,10,4,1,0,0,7,2015 Summer,2015 Summer,The Squirming Coil,Coil,1,Verizon Theatre at Grand Prairie,Grand Prairie,TX,USA,
2015-07-29,2015,0,11,2,2,0,0,5,2015 Summer,2015 Summer,Chalk Dust Torture,CDT,1,Verizon Theatre at Grand Prairie,Grand Prairie,TX,USA,>
2015-07-29,2015,0,12,3,2,0,0,4,2015 Summer,2015 Summer,Simple,,1,Verizon Theatre at Grand Prairie,Grand Prairie,TX,USA,->
2015-07-29,2015,0,13,2,2,0,0,9,2015 Summer,2015 Summer,Silent in the Morning,Silent,1,Verizon Theatre at Grand Prairie,Grand Prairie,TX,USA,>
2015-07-29,2015,0,14,1,2,0,0,3,2015 Summer,2015 Summer,The Line,,1,Verizon Theatre at Grand Prairie,Grand Prairie,TX,USA,","
2015-07-29,2015,0,15,1,2,0,0,5,2015 Summer,2015 Summer,Birds of a Feather,BOAF,1,Verizon Theatre at Grand Prairie,Grand Prairie,TX,USA,","
2015-07-29,2015,0,16,2,2,0,0,2,2015 Summer,2015 Summer,Fuego,,1,Verizon Theatre at Grand Prairie,Grand Prairie,TX,USA,>
2015-07-29,2015,0,17,2,2,0,0,9,2015 Summer,2015 Summer,Julius,,1,Verizon Theatre at Grand Prairie,Grand Prairie,TX,USA,>
2015-07-29,2015,0,18,5,2,0,0,3,2015 Summer,2015 Summer,Harry Hood,Hood,1,Verizon Theatre at Grand Prairie,Grand Prairie,TX,USA,
2015-07-29,2015,0,19,1,e,0,0,200,2015 Summer,2015 Summer,The Connection,,1,Verizon Theatre at Grand Prairie,Grand Prairie,TX,USA,","
2015-07-29,2015,0,20,6,e,0,0,4,2015 Summer,2015 Summer,First Tube,,0,Verizon Theatre at Grand Prairie,Grand Prairie,TX,USA,
2015-07-31,2015,0,1,2,1,0,0,9,2015 Summer,2015 Summer,Prince Caspian,Caspian,1,Aaron's Amphitheatre at Lakewood,Atlanta,GA,USA,>
2015-07-31,2015,0,2,1,1,0,0,3,2015 Summer,2015 Summer,No Men In No Man's Land,NMINML,1,Aaron's Amphitheatre at Lakewood,Atlanta,GA,USA,","
2015-07-31,2015,0,3,1,1,0,0,2,2015 Summer,2015 Summer,Ghost,,1,Aaron's Amphitheatre at Lakewood,Atlanta,GA,USA,","
2015-07-31,2015,0,4,1,1,0,0,6,2015 Summer,2015 Summer,The Wedge,Wedge,1,Aaron's Amphitheatre at Lakewood,Atlanta,GA,USA,","
2015-07-31,2015,0,5,1,1,0,0,4,2015 Summer,2015 Summer,The Moma Dance,Moma,1,Aaron's Amphitheatre at Lakewood,Atlanta,GA,USA,","
2015-07-31,2015,0,6,1,1,0,0,5,2015 Summer,2015 Summer,How Many People Are You,,0,Aaron's Amphitheatre at Lakewood,Atlanta,GA,USA,","
2015-07-31,2015,0,7,1,1,0,0,6,2015 Summer,2015 Summer,Rift,,1,Aaron's Amphitheatre at Lakewood,Atlanta,GA,USA,","
2015-07-31,2015,0,8,2,1,0,0,6,2015 Summer,2015 Summer,Mike's Song,Mike's,1,Aaron's Amphitheatre at Lakewood,Atlanta,GA,USA,>
2015-07-31,2015,0,9,2,1,0,0,15,2015 Summer,2015 Summer,I Am Hydrogen,Hydrogen,1,Aaron's Amphitheatre at Lakewood,Atlanta,GA,USA,>
2015-07-31,2015,0,10,4,1,0,0,6,2015 Summer,2015 Summer,Weekapaug Groove,Weekapaug,1,Aaron's Amphitheatre at Lakewood,Atlanta,GA,USA,
2015-07-31,2015,0,11,2,2,0,0,4,2015 Summer,2015 Summer,Kill Devil Falls,KDF,1,Aaron's Amphitheatre at Lakewood,Atlanta,GA,USA,>
2015-07-31,2015,0,12,2,2,0,0,3,2015 Summer,2015 Summer,Martian Monster,,1,Aaron's Amphitheatre at Lakewood,Atlanta,GA,USA,>
2015-07-31,2015,0,13,3,2,0,0,4,2015 Summer,2015 Summer,Twist,,1,Aaron's Amphitheatre at Lakewood,Atlanta,GA,USA,->
2015-07-31,2015,0,14,3,2,0,0,5,2015 Summer,2015 Summer,Back on the Train,BOTT,0,Aaron's Amphitheatre at Lakewood,Atlanta,GA,USA,->
2015-07-31,2015,0,15,1,2,0,0,4,2015 Summer,2015 Summer,Reba,,1,Aaron's Amphitheatre at Lakewood,Atlanta,GA,USA,","
2015-07-31,2015,0,16,5,2,0,0,5,2015 Summer,2015 Summer,Bathtub Gin,Gin,1,Aaron's Amphitheatre at Lakewood,Atlanta,GA,USA,
2015-07-31,2015,0,17,2,e,0,0,5,2015 Summer,2015 Summer,Farmhouse,,1,Aaron's Amphitheatre at Lakewood,Atlanta,GA,USA,>
2015-07-31,2015,0,18,6,e,0,0,4,2015 Summer,2015 Summer,Character Zero,,1,Aaron's Amphitheatre at Lakewood,Atlanta,GA,USA,
2015-08-01,2015,0,1,1,1,0,0,12,2015 Summer,2015 Summer,Runaway Jim,,1,Aaron's Amphitheatre at Lakewood,Atlanta,GA,USA,","
2015-08-01,2015,0,2,1,1,0,0,5,2015 Summer,2015 Summer,Undermind,,0,Aaron's Amphitheatre at Lakewood,Atlanta,GA,USA,","
2015-08-01,2015,0,3,1,1,0,0,26,2015 Summer,2015 Summer,Nellie Kane,,0,Aaron's Amphitheatre at Lakewood,Atlanta,GA,USA,","
2015-08-01,2015,0,4,1,1,0,0,3,2015 Summer,2015 Summer,Blaze On,,1,Aaron's Amphitheatre at Lakewood,Atlanta,GA,USA,","
2015-08-01,2015,0,5,1,1,0,0,7,2015 Summer,2015 Summer,Halfway to the Moon,,1,Aaron's Amphitheatre at Lakewood,Atlanta,GA,USA,","
2015-08-01,2015,0,6,1,1,0,0,9,2015 Summer,2015 Summer,Ocelot,,1,Aaron's Amphitheatre at Lakewood,Atlanta,GA,USA,","
2015-08-01,2015,0,7,1,1,0,0,4,2015 Summer,2015 Summer,Heavy Things,,1,Aaron's Amphitheatre at Lakewood,Atlanta,GA,USA,","
2015-08-01,2015,0,8,2,1,0,0,7,2015 Summer,2015 Summer,Theme From the Bottom,Theme,1,Aaron's Amphitheatre at Lakewood,Atlanta,GA,USA,>
2015-08-01,2015,0,9,4,1,0,0,3,2015 Summer,2015 Summer,Run Like an Antelope,Antelope,1,Aaron's Amphitheatre at Lakewood,Atlanta,GA,USA,
2015-08-01,2015,0,10,2,2,0,0,4,2015 Summer,2015 Summer,Tweezer,,1,Aaron's Amphitheatre at Lakewood,Atlanta,GA,USA,>
2015-08-01,2015,0,11,2,2,0,0,3,2015 Summer,2015 Summer,Waiting All Night,,1,Aaron's Amphitheatre at Lakewood,Atlanta,GA,USA,>
2015-08-01,2015,0,12,2,2,0,0,4,2015 Summer,2015 Summer,Backwards Down the Number Line,BDTNL,0,Aaron's Amphitheatre at Lakewood,Atlanta,GA,USA,>
2015-08-01,2015,0,13,2,2,0,0,4,2015 Summer,2015 Summer,Carini,,1,Aaron's Amphitheatre at Lakewood,Atlanta,GA,USA,>
2015-08-01,2015,0,14,2,2,0,0,30,2015 Summer,2015 Summer,Waste,,1,Aaron's Amphitheatre at Lakewood,Atlanta,GA,USA,>
2015-08-01,2015,0,15,2,2,0,0,7,2015 Summer,2015 Summer,Sand,,0,Aaron's Amphitheatre at Lakewood,Atlanta,GA,USA,>
2015-08-01,2015,0,16,5,2,0,0,3,2015 Summer,2015 Summer,Tweezer Reprise,Tweeprise,1,Aaron's Amphitheatre at Lakewood,Atlanta,GA,USA,
2015-08-01,2015,0,17,6,e,0,0,10,2015 Summer,2015 Summer,Rock and Roll,R&amp;R,0,Aaron's Amphitheatre at Lakewood,Atlanta,GA,USA,
2015-08-02,2015,0,1,1,1,0,0,8,2015 Summer,2015 Summer,Sample in a Jar,Sample,1,Tuscaloosa Amphitheater,Tuscaloosa,AL,USA,","
2015-08-02,2015,0,2,1,1,0,0,3,2015 Summer,2015 Summer,Chalk Dust Torture,CDT,1,Tuscaloosa Amphitheater,Tuscaloosa,AL,USA,","
2015-08-02,2015,0,3,1,1,0,0,12,2015 Summer,2015 Summer,Train Song,,1,Tuscaloosa Amphitheater,Tuscaloosa,AL,USA,","
2015-08-02,2015,0,4,1,1,0,0,4,2015 Summer,2015 Summer,Devotion to a Dream,,1,Tuscaloosa Amphitheater,Tuscaloosa,AL,USA,","
2015-08-02,2015,0,5,1,1,0,0,31,2015 Summer,2015 Summer,Meat,,1,Tuscaloosa Amphitheater,Tuscaloosa,AL,USA,","
2015-08-02,2015,0,6,1,1,0,0,7,2015 Summer,2015 Summer,Maze,,1,Tuscaloosa Amphitheater,Tuscaloosa,AL,USA,","
2015-08-02,2015,0,7,1,1,0,0,3,2015 Summer,2015 Summer,The Line,,1,Tuscaloosa Amphitheater,Tuscaloosa,AL,USA,","
2015-08-02,2015,0,8,1,1,0,0,5,2015 Summer,2015 Summer,Roggae,,1,Tuscaloosa Amphitheater,Tuscaloosa,AL,USA,","
2015-08-02,2015,0,9,1,1,0,0,5,2015 Summer,2015 Summer,"My Friend, My Friend",My Friend,1,Tuscaloosa Amphitheater,Tuscaloosa,AL,USA,","
2015-08-02,2015,0,10,2,1,0,0,4,2015 Summer,2015 Summer,46 Days,,1,Tuscaloosa Amphitheater,Tuscaloosa,AL,USA,>
2015-08-02,2015,0,11,4,1,0,0,6,2015 Summer,2015 Summer,Cavern,,1,Tuscaloosa Amphitheater,Tuscaloosa,AL,USA,
2015-08-02,2015,0,12,2,2,0,0,5,2015 Summer,2015 Summer,Down with Disease,DwD,1,Tuscaloosa Amphitheater,Tuscaloosa,AL,USA,>
2015-08-02,2015,0,13,2,2,0,0,18,2015 Summer,2015 Summer,Camel Walk,,1,Tuscaloosa Amphitheater,Tuscaloosa,AL,USA,>
2015-08-02,2015,0,14,2,2,0,0,18,2015 Summer,2015 Summer,Seven Below,,1,Tuscaloosa Amphitheater,Tuscaloosa,AL,USA,>
2015-08-02,2015,0,15,2,2,0,0,3,2015 Summer,2015 Summer,Fuego,,1,Tuscaloosa Amphitheater,Tuscaloosa,AL,USA,>
2015-08-02,2015,0,16,2,2,0,0,10,2015 Summer,2015 Summer,Also Sprach Zarathustra,2001,0,Tuscaloosa Amphitheater,Tuscaloosa,AL,USA,>
2015-08-02,2015,0,17,2,2,0,0,3,2015 Summer,2015 Summer,Harry Hood,Hood,1,Tuscaloosa Amphitheater,Tuscaloosa,AL,USA,>
2015-08-02,2015,0,18,5,2,0,0,4,2015 Summer,2015 Summer,Possum,,1,Tuscaloosa Amphitheater,Tuscaloosa,AL,USA,
2015-08-02,2015,0,19,6,e,0,0,18,2015 Summer,2015 Summer,A Day in the Life,ADITL,0,Tuscaloosa Amphitheater,Tuscaloosa,AL,USA,
2015-08-04,2015,0,1,1,1,0,0,5,2015 Summer,2015 Summer,Free,,1,Ascend Amphitheater,Nashville,TN,USA,","
2015-08-04,2015,0,2,1,1,0,0,3,2015 Summer,2015 Summer,No Men In No Man's Land,NMINML,1,Ascend Amphitheater,Nashville,TN,USA,","
2015-08-04,2015,0,3,1,1,0,0,5,2015 Summer,2015 Summer,Wolfman's Brother,Wolfman's,1,Ascend Amphitheater,Nashville,TN,USA,","
2015-08-04,2015,0,4,1,1,0,0,6,2015 Summer,2015 Summer,555,,1,Ascend Amphitheater,Nashville,TN,USA,","
2015-08-04,2015,0,5,1,1,0,0,4,2015 Summer,2015 Summer,Birds of a Feather,BOAF,1,Ascend Amphitheater,Nashville,TN,USA,","
2015-08-04,2015,0,6,1,1,0,0,20,2015 Summer,2015 Summer,Funky Bitch,,0,Ascend Amphitheater,Nashville,TN,USA,","
2015-08-04,2015,0,7,1,1,0,0,23,2015 Summer,2015 Summer,When the Circus Comes,Circus,0,Ascend Amphitheater,Nashville,TN,USA,","
2015-08-04,2015,0,8,1,1,0,0,8,2015 Summer,2015 Summer,Stash,,1,Ascend Amphitheater,Nashville,TN,USA,","
2015-08-04,2015,0,9,1,1,0,0,5,2015 Summer,2015 Summer,Lawn Boy,,1,Ascend Amphitheater,Nashville,TN,USA,","
2015-08-04,2015,0,10,4,1,0,0,6,2015 Summer,2015 Summer,Walls of the Cave,WotC,1,Ascend Amphitheater,Nashville,TN,USA,
2015-08-04,2015,0,11,2,2,0,0,16,2015 Summer,2015 Summer,Golden Age,,0,Ascend Amphitheater,Nashville,TN,USA,>
2015-08-04,2015,0,12,2,2,0,0,7,2015 Summer,2015 Summer,Light,,0,Ascend Amphitheater,Nashville,TN,USA,>
2015-08-04,2015,0,13,1,2,0,0,5,2015 Summer,2015 Summer,Shade,,1,Ascend Amphitheater,Nashville,TN,USA,","
2015-08-04,2015,0,14,2,2,0,0,3,2015 Summer,2015 Summer,Mike's Song,Mike's,1,Ascend Amphitheater,Nashville,TN,USA,>
2015-08-04,2015,0,15,2,2,0,0,5,2015 Summer,2015 Summer,Piper,,1,Ascend Amphitheater,Nashville,TN,USA,>
2015-08-04,2015,0,16,3,2,0,0,15,2015 Summer,2015 Summer,Crosseyed and Painless,C&amp;P,0,Ascend Amphitheater,Nashville,TN,USA,->
2015-08-04,2015,0,17,5,2,0,0,3,2015 Summer,2015 Summer,Weekapaug Groove,Weekapaug,1,Ascend Amphitheater,Nashville,TN,USA,
2015-08-04,2015,0,18,6,e,0,0,6,2015 Summer,2015 Summer,Slave to the Traffic Light,Slave,1,Ascend Amphitheater,Nashville,TN,USA,
2015-08-05,2015,0,1,2,1,0,0,13,2015 Summer,2015 Summer,Gumbo,,1,Starlight Theatre,Kansas City,MO,USA,>
2015-08-05,2015,0,2,1,1,0,0,4,2015 Summer,2015 Summer,Kill Devil Falls,KDF,1,Starlight Theatre,Kansas City,MO,USA,","
2015-08-05,2015,0,3,1,1,0,0,4,2015 Summer,2015 Summer,Back on the Train,BOTT,0,Starlight Theatre,Kansas City,MO,USA,","
2015-08-05,2015,0,4,1,1,0,0,6,2015 Summer,2015 Summer,Bouncing Around the Room,Bouncin',1,Starlight Theatre,Kansas City,MO,USA,","
2015-08-05,2015,0,5,1,1,0,0,5,2015 Summer,2015 Summer,Divided Sky,Divided,1,Starlight Theatre,Kansas City,MO,USA,","
2015-08-05,2015,0,6,1,1,0,0,1688,2015 Summer,2015 Summer,The Last Step,,0,Starlight Theatre,Kansas City,MO,USA,","
2015-08-05,2015,0,7,1,1,0,0,3,2015 Summer,2015 Summer,Blaze On,,1,Starlight Theatre,Kansas City,MO,USA,","
2015-08-05,2015,0,8,1,1,0,0,3,2015 Summer,2015 Summer,Waiting All Night,,1,Starlight Theatre,Kansas City,MO,USA,","
2015-08-05,2015,0,9,4,1,0,0,2,2015 Summer,2015 Summer,46 Days,,1,Starlight Theatre,Kansas City,MO,USA,
2015-08-05,2015,0,10,2,2,0,0,6,2015 Summer,2015 Summer,Gotta Jibboo,Jibboo,0,Starlight Theatre,Kansas City,MO,USA,>
2015-08-05,2015,0,11,2,2,0,0,4,2015 Summer,2015 Summer,Twist,,1,Starlight Theatre,Kansas City,MO,USA,>
2015-08-05,2015,0,12,1,2,0,0,4,2015 Summer,2015 Summer,The Wedge,Wedge,1,Starlight Theatre,Kansas City,MO,USA,","
2015-08-05,2015,0,13,2,2,0,0,2,2015 Summer,2015 Summer,Down with Disease,DwD,1,Starlight Theatre,Kansas City,MO,USA,>
2015-08-05,2015,0,14,2,2,0,0,3,2015 Summer,2015 Summer,Sand,,0,Starlight Theatre,Kansas City,MO,USA,>
2015-08-05,2015,0,15,1,2,0,0,8,2015 Summer,2015 Summer,Joy,,1,Starlight Theatre,Kansas City,MO,USA,","
2015-08-05,2015,0,16,5,2,0,0,7,2015 Summer,2015 Summer,You Enjoy Myself,YEM,1,Starlight Theatre,Kansas City,MO,USA,
2015-08-05,2015,0,17,6,e,0,0,14,2015 Summer,2015 Summer,Bug,,0,Starlight Theatre,Kansas City,MO,USA,
2015-08-07,2015,0,1,1,1,0,0,10,2015 Summer,2015 Summer,A Song I Heard the Ocean Sing,ASIHTOS,1,Blossom Music Center,Cuyahoga Falls,OH,USA,","
2015-08-07,2015,0,2,2,1,0,0,22,2015 Summer,2015 Summer,My Sweet One,MSO,1,Blossom Music Center,Cuyahoga Falls,OH,USA,>
2015-08-07,2015,0,3,2,1,0,0,26,2015 Summer,2015 Summer,Wilson,,1,Blossom Music Center,Cuyahoga Falls,OH,USA,>
2015-08-07,2015,0,4,1,1,0,0,22,2015 Summer,2015 Summer,Timber (Jerry the Mule),Timber Ho,0,Blossom Music Center,Cuyahoga Falls,OH,USA,","
2015-08-07,2015,0,5,1,1,0,0,17,2015 Summer,2015 Summer,Roses Are Free,Roses,0,Blossom Music Center,Cuyahoga Falls,OH,USA,","
2015-08-07,2015,0,6,1,1,0,0,5,2015 Summer,2015 Summer,Rift,,1,Blossom Music Center,Cuyahoga Falls,OH,USA,","
2015-08-07,2015,0,7,1,1,0,0,5,2015 Summer,2015 Summer,The Moma Dance,Moma,1,Blossom Music Center,Cuyahoga Falls,OH,USA,","
2015-08-07,2015,0,8,1,1,0,0,62,2015 Summer,2015 Summer,Ginseng Sullivan,Ginseng,0,Blossom Music Center,Cuyahoga Falls,OH,USA,","
2015-08-07,2015,0,9,1,1,0,0,10,2015 Summer,2015 Summer,Wingsuit,,1,Blossom Music Center,Cuyahoga Falls,OH,USA,","
2015-08-07,2015,0,10,2,1,0,0,23,2015 Summer,2015 Summer,It's Ice,,1,Blossom Music Center,Cuyahoga Falls,OH,USA,>
2015-08-07,2015,0,11,4,1,0,0,5,2015 Summer,2015 Summer,Bathtub Gin,Gin,1,Blossom Music Center,Cuyahoga Falls,OH,USA,
2015-08-07,2015,0,12,3,2,0,0,3,2015 Summer,2015 Summer,Chalk Dust Torture,CDT,1,Blossom Music Center,Cuyahoga Falls,OH,USA,->
2015-08-07,2015,0,13,2,2,0,0,4,2015 Summer,2015 Summer,Tweezer,,1,Blossom Music Center,Cuyahoga Falls,OH,USA,>
2015-08-07,2015,0,14,1,2,0,0,34,2015 Summer,2015 Summer,The Lizards,Lizards,1,Blossom Music Center,Cuyahoga Falls,OH,USA,","
2015-08-07,2015,0,15,2,2,0,0,60,2015 Summer,2015 Summer,Makisupa Policeman,Makisupa,1,Blossom Music Center,Cuyahoga Falls,OH,USA,>
2015-08-07,2015,0,16,2,2,0,0,5,2015 Summer,2015 Summer,Ghost,,1,Blossom Music Center,Cuyahoga Falls,OH,USA,>
2015-08-07,2015,0,17,2,2,0,0,3,2015 Summer,2015 Summer,Harry Hood,Hood,1,Blossom Music Center,Cuyahoga Falls,OH,USA,>
2015-08-07,2015,0,18,5,2,0,0,4,2015 Summer,2015 Summer,Tweezer Reprise,Tweeprise,1,Blossom Music Center,Cuyahoga Falls,OH,USA,
2015-08-07,2015,0,19,6,e,0,0,12,2015 Summer,2015 Summer,Good Times Bad Times,GTBT,0,Blossom Music Center,Cuyahoga Falls,OH,USA,
2015-08-08,2015,0,1,1,1,0,0,3,2015 Summer,2015 Summer,No Men In No Man's Land,NMINML,1,Alpine Valley Music Theatre,East Troy,WI,USA,","
2015-08-08,2015,0,2,1,1,0,0,7,2015 Summer,2015 Summer,Stealing Time From the Faulty Plan,STFTFP,1,Alpine Valley Music Theatre,East Troy,WI,USA,","
2015-08-08,2015,0,3,1,1,0,0,7,2015 Summer,2015 Summer,Poor Heart,,1,Alpine Valley Music Theatre,East Troy,WI,USA,","
2015-08-08,2015,0,4,1,1,0,0,7,2015 Summer,2015 Summer,Julius,,1,Alpine Valley Music Theatre,East Troy,WI,USA,","
2015-08-08,2015,0,5,2,1,0,0,18,2015 Summer,2015 Summer,Frankie Says,,1,Alpine Valley Music Theatre,East Troy,WI,USA,>
2015-08-08,2015,0,6,1,1,0,0,4,2015 Summer,2015 Summer,Maze,,1,Alpine Valley Music Theatre,East Troy,WI,USA,","
2015-08-08,2015,0,7,1,1,0,0,11,2015 Summer,2015 Summer,Mercury,,1,Alpine Valley Music Theatre,East Troy,WI,USA,","
2015-08-08,2015,0,8,1,1,0,0,6,2015 Summer,2015 Summer,Reba,,1,Alpine Valley Music Theatre,East Troy,WI,USA,","
2015-08-08,2015,0,9,4,1,0,0,4,2015 Summer,2015 Summer,Possum,,1,Alpine Valley Music Theatre,East Troy,WI,USA,
2015-08-08,2015,0,10,2,2,0,0,2,2015 Summer,2015 Summer,Down with Disease,DwD,1,Alpine Valley Music Theatre,East Troy,WI,USA,>
2015-08-08,2015,0,11,3,2,0,0,8,2015 Summer,2015 Summer,Halley's Comet,Halley's,1,Alpine Valley Music Theatre,East Troy,WI,USA,->
2015-08-08,2015,0,12,2,2,0,0,2,2015 Summer,2015 Summer,Twist,,1,Alpine Valley Music Theatre,East Troy,WI,USA,>
2015-08-08,2015,0,13,2,2,0,0,3,2015 Summer,2015 Summer,Light,,0,Alpine Valley Music Theatre,East Troy,WI,USA,>
2015-08-08,2015,0,14,2,2,0,0,30,2015 Summer,2015 Summer,What's the Use?,WTU?,1,Alpine Valley Music Theatre,East Troy,WI,USA,>
2015-08-08,2015,0,15,2,2,0,0,4,2015 Summer,2015 Summer,Fuego,,1,Alpine Valley Music Theatre,East Troy,WI,USA,>
2015-08-08,2015,0,16,2,2,0,0,5,2015 Summer,2015 Summer,Backwards Down the Number Line,BDTNL,0,Alpine Valley Music Theatre,East Troy,WI,USA,>
2015-08-08,2015,0,17,5,2,0,0,3,2015 Summer,2015 Summer,Slave to the Traffic Light,Slave,1,Alpine Valley Music Theatre,East Troy,WI,USA,
2015-08-08,2015,0,18,2,e,0,0,15,2015 Summer,2015 Summer,Meatstick,,1,Alpine Valley Music Theatre,East Troy,WI,USA,>
2015-08-08,2015,0,19,6,e,0,0,6,2015 Summer,2015 Summer,Character Zero,,1,Alpine Valley Music Theatre,East Troy,WI,USA,
2015-08-09,2015,0,1,1,1,0,0,20,2015 Summer,2015 Summer,The Very Long Fuse,,1,Alpine Valley Music Theatre,East Troy,WI,USA,","
2015-08-09,2015,0,2,2,1,0,0,57,2015 Summer,2015 Summer,Colonel Forbin's Ascent,Forbin's,1,Alpine Valley Music Theatre,East Troy,WI,USA,>
2015-08-09,2015,0,3,1,1,0,0,57,2015 Summer,2015 Summer,Fly Famous Mockingbird,Mockingbird,1,Alpine Valley Music Theatre,East Troy,WI,USA,","
2015-08-09,2015,0,4,1,1,0,0,23,2015 Summer,2015 Summer,Brian and Robert,,1,Alpine Valley Music Theatre,East Troy,WI,USA,","
2015-08-09,2015,0,5,1,1,0,0,20,2015 Summer,2015 Summer,Saw It Again,,1,Alpine Valley Music Theatre,East Troy,WI,USA,","
2015-08-09,2015,0,6,1,1,0,0,75,2015 Summer,2015 Summer,Esther,,1,Alpine Valley Music Theatre,East Troy,WI,USA,","
2015-08-09,2015,0,7,1,1,0,0,78,2015 Summer,2015 Summer,Weigh,,1,Alpine Valley Music Theatre,East Troy,WI,USA,","
2015-08-09,2015,0,8,1,1,0,0,92,2015 Summer,2015 Summer,The Sloth,Sloth,1,Alpine Valley Music Theatre,East Troy,WI,USA,","
2015-08-09,2015,0,9,2,1,0,0,22,2015 Summer,2015 Summer,Sanity,,1,Alpine Valley Music Theatre,East Troy,WI,USA,>
2015-08-09,2015,0,10,4,1,0,0,14,2015 Summer,2015 Summer,Split Open and Melt,SOAMelt,1,Alpine Valley Music Theatre,East Troy,WI,USA,
2015-08-09,2015,0,11,2,2,0,0,6,2015 Summer,2015 Summer,Run Like an Antelope,Antelope,1,Alpine Valley Music Theatre,East Troy,WI,USA,>
2015-08-09,2015,0,12,2,2,0,0,6,2015 Summer,2015 Summer,Carini,,1,Alpine Valley Music Theatre,East Troy,WI,USA,>
2015-08-09,2015,0,13,3,2,0,0,12,2015 Summer,2015 Summer,Waves,,1,Alpine Valley Music Theatre,East Troy,WI,USA,->
2015-08-09,2015,0,14,2,2,0,0,2,2015 Summer,2015 Summer,Tweezer,,1,Alpine Valley Music Theatre,East Troy,WI,USA,>
2015-08-09,2015,0,15,2,2,0,0,9,2015 Summer,2015 Summer,Dirt,,0,Alpine Valley Music Theatre,East Troy,WI,USA,>
2015-08-09,2015,0,16,2,2,0,0,4,2015 Summer,2015 Summer,Mike's Song,Mike's,1,Alpine Valley Music Theatre,East Troy,WI,USA,>
2015-08-09,2015,0,17,2,2,0,0,3,2015 Summer,2015 Summer,Blaze On,,1,Alpine Valley Music Theatre,East Troy,WI,USA,>
2015-08-09,2015,0,18,2,2,0,0,4,2015 Summer,2015 Summer,Weekapaug Groove,Weekapaug,1,Alpine Valley Music Theatre,East Troy,WI,USA,>
2015-08-09,2015,0,19,5,2,0,0,2,2015 Summer,2015 Summer,Tweezer Reprise,Tweeprise,1,Alpine Valley Music Theatre,East Troy,WI,USA,
2015-08-09,2015,0,20,1,e,0,0,21,2015 Summer,2015 Summer,Contact,,1,Alpine Valley Music Theatre,East Troy,WI,USA,","
2015-08-09,2015,0,21,6,e,0,0,20,2015 Summer,2015 Summer,Frankenstein,,0,Alpine Valley Music Theatre,East Troy,WI,USA,
2015-08-11,2015,0,1,1,1,0,0,23,2015 Summer,2015 Summer,Crowd Control,,1,The Mann Center for the Performing Arts,Philadelphia,PA,USA,","
2015-08-11,2015,0,2,2,1,0,0,8,2015 Summer,2015 Summer,Martian Monster,,1,The Mann Center for the Performing Arts,Philadelphia,PA,USA,>
2015-08-11,2015,0,3,1,1,0,0,11,2015 Summer,2015 Summer,Axilla,,1,The Mann Center for the Performing Arts,Philadelphia,PA,USA,","
2015-08-11,2015,0,4,3,1,0,0,111,2015 Summer,2015 Summer,Skin It Back,,0,The Mann Center for the Performing Arts,Philadelphia,PA,USA,->
2015-08-11,2015,0,5,1,1,0,0,0,2015 Summer,2015 Summer,Martian Monster,,1,The Mann Center for the Performing Arts,Philadelphia,PA,USA,","
2015-08-11,2015,0,6,1,1,0,0,34,2015 Summer,2015 Summer,Vultures,,1,The Mann Center for the Performing Arts,Philadelphia,PA,USA,","
2015-08-11,2015,0,7,2,1,0,0,20,2015 Summer,2015 Summer,Dog Faced Boy,,1,The Mann Center for the Performing Arts,Philadelphia,PA,USA,>
2015-08-11,2015,0,8,1,1,0,0,10,2015 Summer,2015 Summer,David Bowie,Bowie,1,The Mann Center for the Performing Arts,Philadelphia,PA,USA,","
2015-08-11,2015,0,9,2,1,0,0,8,2015 Summer,2015 Summer,Farmhouse,,1,The Mann Center for the Performing Arts,Philadelphia,PA,USA,>
2015-08-11,2015,0,10,1,1,0,0,15,2015 Summer,2015 Summer,Scent of a Mule,SOAMule,1,The Mann Center for the Performing Arts,Philadelphia,PA,USA,","
2015-08-11,2015,0,11,1,1,0,0,3,2015 Summer,2015 Summer,Ghost,,1,The Mann Center for the Performing Arts,Philadelphia,PA,USA,","
2015-08-11,2015,0,12,4,1,0,0,26,2015 Summer,2015 Summer,Grind,,1,The Mann Center for the Performing Arts,Philadelphia,PA,USA,
2015-08-11,2015,0,13,2,2,0,0,2,2015 Summer,2015 Summer,Fuego,,1,The Mann Center for the Performing Arts,Philadelphia,PA,USA,>
2015-08-11,2015,0,14,2,2,0,0,7,2015 Summer,2015 Summer,Rock and Roll,R&amp;R,0,The Mann Center for the Performing Arts,Philadelphia,PA,USA,>
2015-08-11,2015,0,15,3,2,0,0,4,2015 Summer,2015 Summer,46 Days,,1,The Mann Center for the Performing Arts,Philadelphia,PA,USA,->
2015-08-11,2015,0,16,1,2,0,0,22,2015 Summer,2015 Summer,Taste,,1,The Mann Center for the Performing Arts,Philadelphia,PA,USA,","
2015-08-11,2015,0,17,2,2,0,0,6,2015 Summer,2015 Summer,Also Sprach Zarathustra,2001,0,The Mann Center for the Performing Arts,Philadelphia,PA,USA,>
2015-08-11,2015,0,18,2,2,0,0,4,2015 Summer,2015 Summer,Sand,,0,The Mann Center for the Performing Arts,Philadelphia,PA,USA,>
2015-08-11,2015,0,19,2,2,0,0,18,2015 Summer,2015 Summer,The Horse,Horse,1,The Mann Center for the Performing Arts,Philadelphia,PA,USA,>
2015-08-11,2015,0,20,2,2,0,0,9,2015 Summer,2015 Summer,Silent in the Morning,Silent,1,The Mann Center for the Performing Arts,Philadelphia,PA,USA,>
2015-08-11,2015,0,21,2,2,0,0,6,2015 Summer,2015 Summer,Cavern,,1,The Mann Center for the Performing Arts,Philadelphia,PA,USA,>
2015-08-11,2015,0,22,5,2,0,0,2,2015 Summer,2015 Summer,Backwards Down the Number Line,BDTNL,0,The Mann Center for the Performing Arts,Philadelphia,PA,USA,
2015-08-11,2015,0,23,6,e,0,0,2,2015 Summer,2015 Summer,Julius,,1,The Mann Center for the Performing Arts,Philadelphia,PA,USA,
2015-08-12,2015,0,1,2,1,0,0,16,2015 Summer,2015 Summer,AC/DC Bag,Bag,1,The Mann Center for the Performing Arts,Philadelphia,PA,USA,>
2015-08-12,2015,0,2,1,1,0,0,6,2015 Summer,2015 Summer,Free,,1,The Mann Center for the Performing Arts,Philadelphia,PA,USA,","
2015-08-12,2015,0,3,1,1,0,0,12,2015 Summer,2015 Summer,Ya Mar,,0,The Mann Center for the Performing Arts,Philadelphia,PA,USA,","
2015-08-12,2015,0,4,1,1,0,0,7,2015 Summer,2015 Summer,Sample in a Jar,Sample,1,The Mann Center for the Performing Arts,Philadelphia,PA,USA,","
2015-08-12,2015,0,5,1,1,0,0,19,2015 Summer,2015 Summer,Cities,,0,The Mann Center for the Performing Arts,Philadelphia,PA,USA,","
2015-08-12,2015,0,6,1,1,0,0,6,2015 Summer,2015 Summer,Stash,,1,The Mann Center for the Performing Arts,Philadelphia,PA,USA,","
2015-08-12,2015,0,7,1,1,0,0,6,2015 Summer,2015 Summer,Birds of a Feather,BOAF,1,The Mann Center for the Performing Arts,Philadelphia,PA,USA,","
2015-08-12,2015,0,8,1,1,0,0,7,2015 Summer,2015 Summer,The Line,,1,The Mann Center for the Performing Arts,Philadelphia,PA,USA,","
2015-08-12,2015,0,9,2,1,0,0,4,2015 Summer,2015 Summer,It's Ice,,1,The Mann Center for the Performing Arts,Philadelphia,PA,USA,>
2015-08-12,2015,0,10,4,1,0,0,3,2015 Summer,2015 Summer,Character Zero,,1,The Mann Center for the Performing Arts,Philadelphia,PA,USA,
2015-08-12,2015,0,11,1,2,0,0,4,2015 Summer,2015 Summer,Bathtub Gin,Gin,1,The Mann Center for the Performing Arts,Philadelphia,PA,USA,","
2015-08-12,2015,0,12,2,2,0,0,3,2015 Summer,2015 Summer,No Men In No Man's Land,NMINML,1,The Mann Center for the Performing Arts,Philadelphia,PA,USA,>
2015-08-12,2015,0,13,1,2,0,0,3,2015 Summer,2015 Summer,Twist,,1,The Mann Center for the Performing Arts,Philadelphia,PA,USA,","
2015-08-12,2015,0,14,1,2,0,0,35,2015 Summer,2015 Summer,Scents and Subtle Sounds,,1,The Mann Center for the Performing Arts,Philadelphia,PA,USA,","
2015-08-12,2015,0,15,5,2,0,0,4,2015 Summer,2015 Summer,Harry Hood,Hood,1,The Mann Center for the Performing Arts,Philadelphia,PA,USA,
2015-08-12,2015,0,16,6,e,0,0,11,2015 Summer,2015 Summer,Loving Cup,,0,The Mann Center for the Performing Arts,Philadelphia,PA,USA,
2015-08-14,2015,0,1,1,1,0,0,34,2015 Summer,2015 Summer,Llama,,1,Walnut Creek Amphitheater,Raleigh,NC,USA,","
2015-08-14,2015,0,2,1,1,0,0,5,2015 Summer,2015 Summer,Chalk Dust Torture,CDT,1,Walnut Creek Amphitheater,Raleigh,NC,USA,","
2015-08-14,2015,0,3,1,1,0,0,5,2015 Summer,2015 Summer,The Moma Dance,Moma,1,Walnut Creek Amphitheater,Raleigh,NC,USA,","
2015-08-14,2015,0,4,1,1,0,0,13,2015 Summer,2015 Summer,Yarmouth Road,,1,Walnut Creek Amphitheater,Raleigh,NC,USA,","
2015-08-14,2015,0,5,2,1,0,0,11,2015 Summer,2015 Summer,Tube,,1,Walnut Creek Amphitheater,Raleigh,NC,USA,>
2015-08-14,2015,0,6,1,1,0,0,6,2015 Summer,2015 Summer,Bouncing Around the Room,Bouncin',1,Walnut Creek Amphitheater,Raleigh,NC,USA,","
2015-08-14,2015,0,7,1,1,0,0,4,2015 Summer,2015 Summer,Maze,,1,Walnut Creek Amphitheater,Raleigh,NC,USA,","
2015-08-14,2015,0,8,1,1,0,0,5,2015 Summer,2015 Summer,Waiting All Night,,1,Walnut Creek Amphitheater,Raleigh,NC,USA,","
2015-08-14,2015,0,9,1,1,0,0,7,2015 Summer,2015 Summer,Lawn Boy,,1,Walnut Creek Amphitheater,Raleigh,NC,USA,","
2015-08-14,2015,0,10,1,1,0,0,8,2015 Summer,2015 Summer,Devotion to a Dream,,1,Walnut Creek Amphitheater,Raleigh,NC,USA,","
2015-08-14,2015,0,11,1,1,0,0,7,2015 Summer,2015 Summer,Wolfman's Brother,Wolfman's,1,Walnut Creek Amphitheater,Raleigh,NC,USA,","
2015-08-14,2015,0,12,4,1,0,0,12,2015 Summer,2015 Summer,Suzy Greenberg,Suzy,1,Walnut Creek Amphitheater,Raleigh,NC,USA,
2015-08-14,2015,0,13,1,2,0,0,6,2015 Summer,2015 Summer,The Wedge,Wedge,1,Walnut Creek Amphitheater,Raleigh,NC,USA,","
2015-08-14,2015,0,14,2,2,0,0,7,2015 Summer,2015 Summer,Golden Age,,0,Walnut Creek Amphitheater,Raleigh,NC,USA,>
2015-08-14,2015,0,15,2,2,0,0,4,2015 Summer,2015 Summer,Reba,,1,Walnut Creek Amphitheater,Raleigh,NC,USA,>
2015-08-14,2015,0,16,2,2,0,0,3,2015 Summer,2015 Summer,Mike's Song,Mike's,1,Walnut Creek Amphitheater,Raleigh,NC,USA,>
2015-08-14,2015,0,17,2,2,0,0,2,2015 Summer,2015 Summer,Ghost,,1,Walnut Creek Amphitheater,Raleigh,NC,USA,>
2015-08-14,2015,0,18,2,2,0,0,34,2015 Summer,2015 Summer,No Quarter,,0,Walnut Creek Amphitheater,Raleigh,NC,USA,>
2015-08-14,2015,0,19,2,2,0,0,3,2015 Summer,2015 Summer,Weekapaug Groove,Weekapaug,1,Walnut Creek Amphitheater,Raleigh,NC,USA,>
2015-08-14,2015,0,20,5,2,0,0,11,2015 Summer,2015 Summer,First Tube,,0,Walnut Creek Amphitheater,Raleigh,NC,USA,
2015-08-14,2015,0,21,1,e,0,0,2,2015 Summer,2015 Summer,Farmhouse,,1,Walnut Creek Amphitheater,Raleigh,NC,USA,","
2015-08-14,2015,0,22,6,e,0,0,85,2015 Summer,2015 Summer,Fire,,0,Walnut Creek Amphitheater,Raleigh,NC,USA,
2015-08-15,2015,0,1,2,1,0,0,12,2015 Summer,2015 Summer,Simple,,1,Merriweather Post Pavilion,Columbia,MD,USA,>
2015-08-15,2015,0,2,1,1,0,0,53,2015 Summer,2015 Summer,Glide,,1,Merriweather Post Pavilion,Columbia,MD,USA,","
2015-08-15,2015,0,3,2,1,0,0,24,2015 Summer,2015 Summer,Buried Alive,,1,Merriweather Post Pavilion,Columbia,MD,USA,>
2015-08-15,2015,0,4,2,1,0,0,53,2015 Summer,2015 Summer,McGrupp and the Watchful Hosemasters,McGrupp,1,Merriweather Post Pavilion,Columbia,MD,USA,>
2015-08-15,2015,0,5,2,1,0,0,9,2015 Summer,2015 Summer,Roggae,,1,Merriweather Post Pavilion,Columbia,MD,USA,>
2015-08-15,2015,0,6,2,1,0,0,14,2015 Summer,2015 Summer,Limb By Limb,LxL,1,Merriweather Post Pavilion,Columbia,MD,USA,>
2015-08-15,2015,0,7,2,1,0,0,24,2015 Summer,2015 Summer,Big Black Furry Creature from Mars,BBFCFM,1,Merriweather Post Pavilion,Columbia,MD,USA,>
2015-08-15,2015,0,8,2,1,0,0,24,2015 Summer,2015 Summer,Your Pet Cat,,1,Merriweather Post Pavilion,Columbia,MD,USA,>
2015-08-15,2015,0,9,1,1,0,0,0,2015 Summer,2015 Summer,Big Black Furry Creature from Mars,BBFCFM,1,Merriweather Post Pavilion,Columbia,MD,USA,","
2015-08-15,2015,0,10,2,1,0,0,17,2015 Summer,2015 Summer,Horn,,1,Merriweather Post Pavilion,Columbia,MD,USA,>
2015-08-15,2015,0,11,2,1,0,0,4,2015 Summer,2015 Summer,Blaze On,,1,Merriweather Post Pavilion,Columbia,MD,USA,>
2015-08-15,2015,0,12,4,1,0,0,4,2015 Summer,2015 Summer,Run Like an Antelope,Antelope,1,Merriweather Post Pavilion,Columbia,MD,USA,
2015-08-15,2015,0,13,2,2,0,0,5,2015 Summer,2015 Summer,Halley's Comet,Halley's,1,Merriweather Post Pavilion,Columbia,MD,USA,>
2015-08-15,2015,0,14,3,2,0,0,3,2015 Summer,2015 Summer,46 Days,,1,Merriweather Post Pavilion,Columbia,MD,USA,->
2015-08-15,2015,0,15,2,2,0,0,7,2015 Summer,2015 Summer,Bug,,0,Merriweather Post Pavilion,Columbia,MD,USA,>
2015-08-15,2015,0,16,2,2,0,0,12,2015 Summer,2015 Summer,Steam,,1,Merriweather Post Pavilion,Columbia,MD,USA,>
2015-08-15,2015,0,17,2,2,0,0,5,2015 Summer,2015 Summer,What's the Use?,WTU?,1,Merriweather Post Pavilion,Columbia,MD,USA,>
2015-08-15,2015,0,18,3,2,0,0,0,2015 Summer,2015 Summer,Steam,,1,Merriweather Post Pavilion,Columbia,MD,USA,->
2015-08-15,2015,0,19,3,2,0,0,8,2015 Summer,2015 Summer,Piper,,1,Merriweather Post Pavilion,Columbia,MD,USA,->
2015-08-15,2015,0,20,3,2,0,0,4,2015 Summer,2015 Summer,Tweezer,,1,Merriweather Post Pavilion,Columbia,MD,USA,->
2015-08-15,2015,0,21,3,2,0,0,202,2015 Summer,2015 Summer,NO2,,1,Merriweather Post Pavilion,Columbia,MD,USA,->
2015-08-15,2015,0,22,2,2,0,0,0,2015 Summer,2015 Summer,Tweezer,,1,Merriweather Post Pavilion,Columbia,MD,USA,>
2015-08-15,2015,0,23,5,2,0,0,8,2015 Summer,2015 Summer,Walls of the Cave,WotC,1,Merriweather Post Pavilion,Columbia,MD,USA,
2015-08-15,2015,0,24,2,e,0,0,19,2015 Summer,2015 Summer,Sleeping Monkey,,1,Merriweather Post Pavilion,Columbia,MD,USA,>
2015-08-15,2015,0,25,6,e,0,0,4,2015 Summer,2015 Summer,Tweezer Reprise,Tweeprise,1,Merriweather Post Pavilion,Columbia,MD,USA,
2015-08-16,2015,0,1,2,1,0,0,22,2015 Summer,2015 Summer,Golgi Apparatus,Golgi,1,Merriweather Post Pavilion,Columbia,MD,USA,>
2015-08-16,2015,0,2,1,1,0,0,11,2015 Summer,2015 Summer,Undermind,,0,Merriweather Post Pavilion,Columbia,MD,USA,","
2015-08-16,2015,0,3,1,1,0,0,4,2015 Summer,2015 Summer,Julius,,1,Merriweather Post Pavilion,Columbia,MD,USA,","
2015-08-16,2015,0,4,1,1,0,0,9,2015 Summer,2015 Summer,555,,1,Merriweather Post Pavilion,Columbia,MD,USA,","
2015-08-16,2015,0,5,1,1,0,0,139,2015 Summer,2015 Summer,Nothing,,0,Merriweather Post Pavilion,Columbia,MD,USA,","
2015-08-16,2015,0,6,1,1,0,0,3,2015 Summer,2015 Summer,No Men In No Man's Land,NMINML,1,Merriweather Post Pavilion,Columbia,MD,USA,","
2015-08-16,2015,0,7,1,1,0,0,3,2015 Summer,2015 Summer,Stash,,1,Merriweather Post Pavilion,Columbia,MD,USA,","
2015-08-16,2015,0,8,2,1,0,0,4,2015 Summer,2015 Summer,David Bowie,Bowie,1,Merriweather Post Pavilion,Columbia,MD,USA,>
2015-08-16,2015,0,9,4,1,0,0,6,2015 Summer,2015 Summer,Possum,,1,Merriweather Post Pavilion,Columbia,MD,USA,
2015-08-16,2015,0,10,3,2,0,0,6,2015 Summer,2015 Summer,Down with Disease,DwD,1,Merriweather Post Pavilion,Columbia,MD,USA,->
2015-08-16,2015,0,11,2,2,0,0,6,2015 Summer,2015 Summer,Slave to the Traffic Light,Slave,1,Merriweather Post Pavilion,Columbia,MD,USA,>
2015-08-16,2015,0,12,3,2,0,0,6,2015 Summer,2015 Summer,Light,,0,Merriweather Post Pavilion,Columbia,MD,USA,->
2015-08-16,2015,0,13,1,2,0,0,3,2015 Summer,2015 Summer,Twist,,1,Merriweather Post Pavilion,Columbia,MD,USA,","
2015-08-16,2015,0,14,1,2,0,0,91,2015 Summer,2015 Summer,Shine a Light,,0,Merriweather Post Pavilion,Columbia,MD,USA,","
2015-08-16,2015,0,15,2,2,0,0,4,2015 Summer,2015 Summer,Fuego,,1,Merriweather Post Pavilion,Columbia,MD,USA,>
2015-08-16,2015,0,16,2,2,0,0,19,2015 Summer,2015 Summer,Sneakin' Sally Through the Alley,Sneakin' Sally,0,Merriweather Post Pavilion,Columbia,MD,USA,>
2015-08-16,2015,0,17,5,2,0,0,8,2015 Summer,2015 Summer,You Enjoy Myself,YEM,1,Merriweather Post Pavilion,Columbia,MD,USA,
2015-08-16,2015,0,18,6,e,0,0,4,2015 Summer,2015 Summer,Backwards Down the Number Line,BDTNL,0,Merriweather Post Pavilion,Columbia,MD,USA,
2015-08-20,2015,1,1,6,1,0,0,43,2015 Summer,2015 Summer,Jam,,0,Watkins Glen International,Watkins Glen,NY,USA,
2015-08-21,2015,0,1,2,1,0,0,2,2015 Summer,2015 Summer,Simple,,1,Watkins Glen International,Watkins Glen,NY,USA,>
2015-08-21,2015,0,2,2,1,0,0,15,2015 Summer,2015 Summer,The Dogs,,1,Watkins Glen International,Watkins Glen,NY,USA,>
2015-08-21,2015,0,3,2,1,0,0,124,2015 Summer,2015 Summer,The Man Who Stepped Into Yesterday,TMWSIY,1,Watkins Glen International,Watkins Glen,NY,USA,>
2015-08-21,2015,0,4,2,1,0,0,124,2015 Summer,2015 Summer,Avenu Malkenu,,0,Watkins Glen International,Watkins Glen,NY,USA,>
2015-08-21,2015,0,5,2,1,0,0,0,2015 Summer,2015 Summer,The Man Who Stepped Into Yesterday,TMWSIY,1,Watkins Glen International,Watkins Glen,NY,USA,>
2015-08-21,2015,0,6,1,1,0,0,4,2015 Summer,2015 Summer,Free,,1,Watkins Glen International,Watkins Glen,NY,USA,","
2015-08-21,2015,0,7,1,1,0,0,89,2015 Summer,2015 Summer,Happy Birthday to You,Happy Birthday,0,Watkins Glen International,Watkins Glen,NY,USA,","
2015-08-21,2015,0,8,1,1,0,0,3,2015 Summer,2015 Summer,The Wedge,Wedge,1,Watkins Glen International,Watkins Glen,NY,USA,","
2015-08-21,2015,0,9,1,1,0,0,320,2015 Summer,2015 Summer,Mock Song,,1,Watkins Glen International,Watkins Glen,NY,USA,","
2015-08-21,2015,0,10,2,1,0,0,2,2015 Summer,2015 Summer,Roggae,,1,Watkins Glen International,Watkins Glen,NY,USA,>
2015-08-21,2015,0,11,2,1,0,0,8,2015 Summer,2015 Summer,Rift,,1,Watkins Glen International,Watkins Glen,NY,USA,>
2015-08-21,2015,0,12,4,1,0,0,4,2015 Summer,2015 Summer,Bathtub Gin,Gin,1,Watkins Glen International,Watkins Glen,NY,USA,
2015-08-21,2015,0,13,2,2,0,0,3,2015 Summer,2015 Summer,Chalk Dust Torture,CDT,1,Watkins Glen International,Watkins Glen,NY,USA,>
2015-08-21,2015,0,14,3,2,0,0,3,2015 Summer,2015 Summer,Ghost,,1,Watkins Glen International,Watkins Glen,NY,USA,->
2015-08-21,2015,0,15,2,2,0,0,5,2015 Summer,2015 Summer,Rock and Roll,R&amp;R,0,Watkins Glen International,Watkins Glen,NY,USA,>
2015-08-21,2015,0,16,3,2,0,0,4,2015 Summer,2015 Summer,Harry Hood,Hood,1,Watkins Glen International,Watkins Glen,NY,USA,->
2015-08-21,2015,0,17,2,2,0,0,12,2015 Summer,2015 Summer,Waste,,1,Watkins Glen International,Watkins Glen,NY,USA,>
2015-08-21,2015,0,18,3,2,0,0,1,2015 Summer,2015 Summer,No Men In No Man's Land,NMINML,1,Watkins Glen International,Watkins Glen,NY,USA,->
2015-08-21,2015,0,19,5,2,0,0,1,2015 Summer,2015 Summer,Slave to the Traffic Light,Slave,1,Watkins Glen International,Watkins Glen,NY,USA,
2015-08-21,2015,0,20,1,e,0,0,3,2015 Summer,2015 Summer,Farmhouse,,1,Watkins Glen International,Watkins Glen,NY,USA,","
2015-08-21,2015,0,21,6,e,0,0,3,2015 Summer,2015 Summer,First Tube,,0,Watkins Glen International,Watkins Glen,NY,USA,
2015-08-22,2015,0,1,1,1,0,0,10,2015 Summer,2015 Summer,Divided Sky,Divided,1,Watkins Glen International,Watkins Glen,NY,USA,","
2015-08-22,2015,0,2,2,1,0,0,4,2015 Summer,2015 Summer,The Moma Dance,Moma,1,Watkins Glen International,Watkins Glen,NY,USA,>
2015-08-22,2015,0,3,1,1,0,0,60,2015 Summer,2015 Summer,Mound,,1,Watkins Glen International,Watkins Glen,NY,USA,","
2015-08-22,2015,0,4,1,1,0,0,79,2015 Summer,2015 Summer,Army of One,,1,Watkins Glen International,Watkins Glen,NY,USA,","
2015-08-22,2015,0,5,2,1,0,0,19,2015 Summer,2015 Summer,Scabbard,,0,Watkins Glen International,Watkins Glen,NY,USA,>
2015-08-22,2015,0,6,1,1,0,0,5,2015 Summer,2015 Summer,Sample in a Jar,Sample,1,Watkins Glen International,Watkins Glen,NY,USA,","
2015-08-22,2015,0,7,1,1,0,0,4,2015 Summer,2015 Summer,Tube,,1,Watkins Glen International,Watkins Glen,NY,USA,","
2015-08-22,2015,0,8,1,1,0,0,13,2015 Summer,2015 Summer,Halfway to the Moon,,1,Watkins Glen International,Watkins Glen,NY,USA,","
2015-08-22,2015,0,9,1,1,0,0,12,2015 Summer,2015 Summer,Camel Walk,,1,Watkins Glen International,Watkins Glen,NY,USA,","
2015-08-22,2015,0,10,1,1,0,0,14,2015 Summer,2015 Summer,How Many People Are You,,0,Watkins Glen International,Watkins Glen,NY,USA,","
2015-08-22,2015,0,11,1,1,0,0,11,2015 Summer,2015 Summer,When the Circus Comes,Circus,0,Watkins Glen International,Watkins Glen,NY,USA,","
2015-08-22,2015,0,12,2,1,0,0,2,2015 Summer,2015 Summer,Undermind,,0,Watkins Glen International,Watkins Glen,NY,USA,>
2015-08-22,2015,0,13,4,1,0,0,3,2015 Summer,2015 Summer,Run Like an Antelope,Antelope,1,Watkins Glen International,Watkins Glen,NY,USA,
2015-08-22,2015,0,14,1,2,0,0,4,2015 Summer,2015 Summer,Wolfman's Brother,Wolfman's,1,Watkins Glen International,Watkins Glen,NY,USA,","
2015-08-22,2015,0,15,2,2,0,0,3,2015 Summer,2015 Summer,Halley's Comet,Halley's,1,Watkins Glen International,Watkins Glen,NY,USA,>
2015-08-22,2015,0,16,3,2,0,0,3,2015 Summer,2015 Summer,46 Days,,1,Watkins Glen International,Watkins Glen,NY,USA,->
2015-08-22,2015,0,17,2,2,0,0,2,2015 Summer,2015 Summer,Backwards Down the Number Line,BDTNL,0,Watkins Glen International,Watkins Glen,NY,USA,>
2015-08-22,2015,0,18,2,2,0,0,3,2015 Summer,2015 Summer,Tweezer,,1,Watkins Glen International,Watkins Glen,NY,USA,>
2015-08-22,2015,0,19,4,2,0,0,14,2015 Summer,2015 Summer,Prince Caspian,Caspian,1,Watkins Glen International,Watkins Glen,NY,USA,
2015-08-22,2015,0,20,2,3,0,0,8,2015 Summer,2015 Summer,Meatstick,,1,Watkins Glen International,Watkins Glen,NY,USA,>
2015-08-22,2015,0,21,3,3,0,0,3,2015 Summer,2015 Summer,Blaze On,,1,Watkins Glen International,Watkins Glen,NY,USA,->
2015-08-22,2015,0,22,2,3,0,0,2,2015 Summer,2015 Summer,Possum,,1,Watkins Glen International,Watkins Glen,NY,USA,>
2015-08-22,2015,0,23,3,3,0,0,5,2015 Summer,2015 Summer,Cities,,0,Watkins Glen International,Watkins Glen,NY,USA,->
2015-08-22,2015,0,24,2,3,0,0,475,2015 Summer,2015 Summer,Mind Left Body Jam,,0,Watkins Glen International,Watkins Glen,NY,USA,>
2015-08-22,2015,0,25,2,3,0,0,0,2015 Summer,2015 Summer,Cities,,0,Watkins Glen International,Watkins Glen,NY,USA,>
2015-08-22,2015,0,26,2,3,0,0,2,2015 Summer,2015 Summer,Light,,0,Watkins Glen International,Watkins Glen,NY,USA,>
2015-08-22,2015,0,27,1,3,0,0,2,2015 Summer,2015 Summer,555,,1,Watkins Glen International,Watkins Glen,NY,USA,","
2015-08-22,2015,0,28,2,3,0,0,16,2015 Summer,2015 Summer,Wading in the Velvet Sea,Velvet Sea,1,Watkins Glen International,Watkins Glen,NY,USA,>
2015-08-22,2015,0,29,5,3,0,0,3,2015 Summer,2015 Summer,Walls of the Cave,WotC,1,Watkins Glen International,Watkins Glen,NY,USA,
2015-08-22,2015,0,30,2,e,0,0,20,2015 Summer,2015 Summer,Boogie On Reggae Woman,Boogie On,0,Watkins Glen International,Watkins Glen,NY,USA,>
2015-08-22,2015,0,31,7,e,0,0,3,2015 Summer,2015 Summer,Tweezer Reprise,Tweeprise,1,Watkins Glen International,Watkins Glen,NY,USA,
2015-08-22,2015,0,32,6,4,0,0,1698,2015 Summer,2015 Summer,Drive-In Jam,,1,Watkins Glen International,Watkins Glen,NY,USA,
2015-08-23,2015,0,1,2,1,0,0,16,2015 Summer,2015 Summer,Punch You in the Eye,PYITE,1,Watkins Glen International,Watkins Glen,NY,USA,>
2015-08-23,2015,0,2,1,1,0,0,134,2015 Summer,2015 Summer,Buffalo Bill,,1,Watkins Glen International,Watkins Glen,NY,USA,","
2015-08-23,2015,0,3,2,1,0,0,10,2015 Summer,2015 Summer,A Song I Heard the Ocean Sing,ASIHTOS,1,Watkins Glen International,Watkins Glen,NY,USA,>
2015-08-23,2015,0,4,1,1,0,0,4,2015 Summer,2015 Summer,Limb By Limb,LxL,1,Watkins Glen International,Watkins Glen,NY,USA,","
2015-08-23,2015,0,5,2,1,0,0,5,2015 Summer,2015 Summer,Waiting All Night,,1,Watkins Glen International,Watkins Glen,NY,USA,>
2015-08-23,2015,0,6,2,1,0,0,14,2015 Summer,2015 Summer,Theme From the Bottom,Theme,1,Watkins Glen International,Watkins Glen,NY,USA,>
2015-08-23,2015,0,7,1,1,0,0,5,2015 Summer,2015 Summer,Maze,,1,Watkins Glen International,Watkins Glen,NY,USA,","
2015-08-23,2015,0,8,1,1,0,0,6,2015 Summer,2015 Summer,The Line,,1,Watkins Glen International,Watkins Glen,NY,USA,","
2015-08-23,2015,0,9,1,1,0,0,3,2015 Summer,2015 Summer,Stash,,1,Watkins Glen International,Watkins Glen,NY,USA,","
2015-08-23,2015,0,10,1,1,0,0,5,2015 Summer,2015 Summer,Reba,,1,Watkins Glen International,Watkins Glen,NY,USA,","
2015-08-23,2015,0,11,1,1,0,0,16,2015 Summer,2015 Summer,I Didn't Know,IDK,1,Watkins Glen International,Watkins Glen,NY,USA,","
2015-08-23,2015,0,12,4,1,0,0,6,2015 Summer,2015 Summer,Character Zero,,1,Watkins Glen International,Watkins Glen,NY,USA,
2015-08-23,2015,0,13,2,2,0,0,7,2015 Summer,2015 Summer,Martian Monster,,1,Watkins Glen International,Watkins Glen,NY,USA,>
2015-08-23,2015,0,14,3,2,0,0,3,2015 Summer,2015 Summer,Down with Disease,DwD,1,Watkins Glen International,Watkins Glen,NY,USA,->
2015-08-23,2015,0,15,3,2,0,0,6,2015 Summer,2015 Summer,Scents and Subtle Sounds,,1,Watkins Glen International,Watkins Glen,NY,USA,->
2015-08-23,2015,0,16,2,2,0,0,4,2015 Summer,2015 Summer,What's the Use?,WTU?,1,Watkins Glen International,Watkins Glen,NY,USA,>
2015-08-23,2015,0,17,2,2,0,0,8,2015 Summer,2015 Summer,Dirt,,0,Watkins Glen International,Watkins Glen,NY,USA,>
2015-08-23,2015,0,18,2,2,0,0,5,2015 Summer,2015 Summer,Mike's Song,Mike's,1,Watkins Glen International,Watkins Glen,NY,USA,>
2015-08-23,2015,0,19,2,2,0,0,3,2015 Summer,2015 Summer,Fuego,,1,Watkins Glen International,Watkins Glen,NY,USA,>
2015-08-23,2015,0,20,3,2,0,0,3,2015 Summer,2015 Summer,Twist,,1,Watkins Glen International,Watkins Glen,NY,USA,->
2015-08-23,2015,0,21,3,2,0,0,5,2015 Summer,2015 Summer,Weekapaug Groove,Weekapaug,1,Watkins Glen International,Watkins Glen,NY,USA,->
2015-08-23,2015,0,22,5,2,0,0,0,2015 Summer,2015 Summer,Martian Monster,,1,Watkins Glen International,Watkins Glen,NY,USA,
2015-08-23,2015,0,23,6,e,0,0,3,2015 Summer,2015 Summer,You Enjoy Myself,YEM,1,Watkins Glen International,Watkins Glen,NY,USA,
2015-09-04,2015,0,1,2,1,0,0,2,2015 Summer,2015 Summer,Tube,,1,Dick's Sporting Goods Park,Commerce City,CO,USA,>
2015-09-04,2015,0,2,2,1,0,0,3,2015 Summer,2015 Summer,Ghost,,1,Dick's Sporting Goods Park,Commerce City,CO,USA,>
2015-09-04,2015,0,3,2,1,0,0,2,2015 Summer,2015 Summer,Halley's Comet,Halley's,1,Dick's Sporting Goods Park,Commerce City,CO,USA,>
2015-09-04,2015,0,4,1,1,0,0,2,2015 Summer,2015 Summer,Undermind,,0,Dick's Sporting Goods Park,Commerce City,CO,USA,","
2015-09-04,2015,0,5,2,1,0,0,6,2015 Summer,2015 Summer,Yarmouth Road,,1,Dick's Sporting Goods Park,Commerce City,CO,USA,>
2015-09-04,2015,0,6,1,1,0,0,3,2015 Summer,2015 Summer,Bathtub Gin,Gin,1,Dick's Sporting Goods Park,Commerce City,CO,USA,","
2015-09-04,2015,0,7,2,1,0,0,1,2015 Summer,2015 Summer,Waiting All Night,,1,Dick's Sporting Goods Park,Commerce City,CO,USA,>
2015-09-04,2015,0,8,2,1,0,0,5,2015 Summer,2015 Summer,Horn,,1,Dick's Sporting Goods Park,Commerce City,CO,USA,>
2015-09-04,2015,0,9,1,1,0,0,3,2015 Summer,2015 Summer,The Wedge,Wedge,1,Dick's Sporting Goods Park,Commerce City,CO,USA,","
2015-09-04,2015,0,10,2,1,0,0,2,2015 Summer,2015 Summer,46 Days,,1,Dick's Sporting Goods Park,Commerce City,CO,USA,>
2015-09-04,2015,0,11,4,1,0,0,2,2015 Summer,2015 Summer,Run Like an Antelope,Antelope,1,Dick's Sporting Goods Park,Commerce City,CO,USA,
2015-09-04,2015,0,12,2,2,0,0,2,2015 Summer,2015 Summer,Wolfman's Brother,Wolfman's,1,Dick's Sporting Goods Park,Commerce City,CO,USA,>
2015-09-04,2015,0,13,2,2,0,0,2,2015 Summer,2015 Summer,Blaze On,,1,Dick's Sporting Goods Park,Commerce City,CO,USA,>
2015-09-04,2015,0,14,2,2,0,0,6,2015 Summer,2015 Summer,Golden Age,,0,Dick's Sporting Goods Park,Commerce City,CO,USA,>
2015-09-04,2015,0,15,2,2,0,0,11,2015 Summer,2015 Summer,Roses Are Free,Roses,0,Dick's Sporting Goods Park,Commerce City,CO,USA,>
2015-09-04,2015,0,16,2,2,0,0,1,2015 Summer,2015 Summer,Fuego,,1,Dick's Sporting Goods Park,Commerce City,CO,USA,>
2015-09-04,2015,0,17,2,2,0,0,2,2015 Summer,2015 Summer,Wading in the Velvet Sea,Velvet Sea,1,Dick's Sporting Goods Park,Commerce City,CO,USA,>
2015-09-04,2015,0,18,5,2,0,0,2,2015 Summer,2015 Summer,Walls of the Cave,WotC,1,Dick's Sporting Goods Park,Commerce City,CO,USA,
2015-09-04,2015,0,19,2,e,0,0,47,2015 Summer,2015 Summer,Hold Your Head Up,HYHU,0,Dick's Sporting Goods Park,Commerce City,CO,USA,>
2015-09-04,2015,0,20,2,e,0,0,132,2015 Summer,2015 Summer,Bike,,0,Dick's Sporting Goods Park,Commerce City,CO,USA,>
2015-09-04,2015,0,21,1,e,0,0,0,2015 Summer,2015 Summer,Hold Your Head Up,HYHU,0,Dick's Sporting Goods Park,Commerce City,CO,USA,","
2015-09-04,2015,0,22,6,e,0,0,7,2015 Summer,2015 Summer,Loving Cup,,0,Dick's Sporting Goods Park,Commerce City,CO,USA,
2015-09-05,2015,0,1,1,1,0,0,4,2015 Summer,2015 Summer,No Men In No Man's Land,NMINML,1,Dick's Sporting Goods Park,Commerce City,CO,USA,","
2015-09-05,2015,0,2,1,1,0,0,2,2015 Summer,2015 Summer,Martian Monster,,1,Dick's Sporting Goods Park,Commerce City,CO,USA,","
2015-09-05,2015,0,3,1,1,0,0,18,2015 Summer,2015 Summer,NICU,,1,Dick's Sporting Goods Park,Commerce City,CO,USA,","
2015-09-05,2015,0,4,1,1,0,0,11,2015 Summer,2015 Summer,Stealing Time From the Faulty Plan,STFTFP,1,Dick's Sporting Goods Park,Commerce City,CO,USA,","
2015-09-05,2015,0,5,1,1,0,0,7,2015 Summer,2015 Summer,Bouncing Around the Room,Bouncin',1,Dick's Sporting Goods Park,Commerce City,CO,USA,","
2015-09-05,2015,0,6,1,1,0,0,3,2015 Summer,2015 Summer,555,,1,Dick's Sporting Goods Park,Commerce City,CO,USA,","
2015-09-05,2015,0,7,1,1,0,0,22,2015 Summer,2015 Summer,Winterqueen,,0,Dick's Sporting Goods Park,Commerce City,CO,USA,","
2015-09-05,2015,0,8,1,1,0,0,10,2015 Summer,2015 Summer,Split Open and Melt,SOAMelt,1,Dick's Sporting Goods Park,Commerce City,CO,USA,","
2015-09-05,2015,0,9,2,1,0,0,2,2015 Summer,2015 Summer,Limb By Limb,LxL,1,Dick's Sporting Goods Park,Commerce City,CO,USA,>
2015-09-05,2015,0,10,2,1,0,0,4,2015 Summer,2015 Summer,Roggae,,1,Dick's Sporting Goods Park,Commerce City,CO,USA,>
2015-09-05,2015,0,11,4,1,0,0,2,2015 Summer,2015 Summer,Character Zero,,1,Dick's Sporting Goods Park,Commerce City,CO,USA,
2015-09-05,2015,0,12,2,2,0,0,2,2015 Summer,2015 Summer,A Song I Heard the Ocean Sing,ASIHTOS,1,Dick's Sporting Goods Park,Commerce City,CO,USA,>
2015-09-05,2015,0,13,3,2,0,0,4,2015 Summer,2015 Summer,Chalk Dust Torture,CDT,1,Dick's Sporting Goods Park,Commerce City,CO,USA,->
2015-09-05,2015,0,14,2,2,0,0,2,2015 Summer,2015 Summer,Twist,,1,Dick's Sporting Goods Park,Commerce City,CO,USA,>
2015-09-05,2015,0,15,2,2,0,0,11,2015 Summer,2015 Summer,Mercury,,1,Dick's Sporting Goods Park,Commerce City,CO,USA,>
2015-09-05,2015,0,16,2,2,0,0,3,2015 Summer,2015 Summer,Light,,0,Dick's Sporting Goods Park,Commerce City,CO,USA,>
2015-09-05,2015,0,17,2,2,0,0,12,2015 Summer,2015 Summer,Wingsuit,,1,Dick's Sporting Goods Park,Commerce City,CO,USA,>
2015-09-05,2015,0,18,5,2,0,0,4,2015 Summer,2015 Summer,Rock and Roll,R&amp;R,0,Dick's Sporting Goods Park,Commerce City,CO,USA,
2015-09-05,2015,0,19,2,e,0,0,6,2015 Summer,2015 Summer,Sleeping Monkey,,1,Dick's Sporting Goods Park,Commerce City,CO,USA,>
2015-09-05,2015,0,20,2,e,0,0,4,2015 Summer,2015 Summer,Harry Hood,Hood,1,Dick's Sporting Goods Park,Commerce City,CO,USA,>
2015-09-05,2015,0,21,6,e,0,0,15,2015 Summer,2015 Summer,A Day in the Life,ADITL,0,Dick's Sporting Goods Park,Commerce City,CO,USA,
2015-09-06,2015,0,1,1,1,0,0,770,2015 Summer,2015 Summer,The Landlady,Landlady,1,Dick's Sporting Goods Park,Commerce City,CO,USA,","
2015-09-06,2015,0,2,2,1,0,0,5,2015 Summer,2015 Summer,Free,,1,Dick's Sporting Goods Park,Commerce City,CO,USA,>
2015-09-06,2015,0,3,2,1,0,0,4,2015 Summer,2015 Summer,The Moma Dance,Moma,1,Dick's Sporting Goods Park,Commerce City,CO,USA,>
2015-09-06,2015,0,4,2,1,0,0,16,2015 Summer,2015 Summer,Seven Below,,1,Dick's Sporting Goods Park,Commerce City,CO,USA,>
2015-09-06,2015,0,5,2,1,0,0,4,2015 Summer,2015 Summer,Prince Caspian,Caspian,1,Dick's Sporting Goods Park,Commerce City,CO,USA,>
2015-09-06,2015,0,6,1,1,0,0,4,2015 Summer,2015 Summer,Backwards Down the Number Line,BDTNL,0,Dick's Sporting Goods Park,Commerce City,CO,USA,","
2015-09-06,2015,0,7,1,1,0,0,3,2015 Summer,2015 Summer,The Line,,1,Dick's Sporting Goods Park,Commerce City,CO,USA,","
2015-09-06,2015,0,8,2,1,0,0,10,2015 Summer,2015 Summer,Scent of a Mule,SOAMule,1,Dick's Sporting Goods Park,Commerce City,CO,USA,>
2015-09-06,2015,0,9,1,1,0,0,11,2015 Summer,2015 Summer,Saw It Again,,1,Dick's Sporting Goods Park,Commerce City,CO,USA,","
2015-09-06,2015,0,10,1,1,0,0,4,2015 Summer,2015 Summer,Halfway to the Moon,,1,Dick's Sporting Goods Park,Commerce City,CO,USA,","
2015-09-06,2015,0,11,1,1,0,0,134,2015 Summer,2015 Summer,The Birdwatcher,Birdwatcher,1,Dick's Sporting Goods Park,Commerce City,CO,USA,","
2015-09-06,2015,0,12,4,1,0,0,11,2015 Summer,2015 Summer,Frankenstein,,0,Dick's Sporting Goods Park,Commerce City,CO,USA,
2015-09-06,2015,0,13,2,2,0,0,13,2015 Summer,2015 Summer,Wilson,,1,Dick's Sporting Goods Park,Commerce City,CO,USA,>
2015-09-06,2015,0,14,2,2,0,0,3,2015 Summer,2015 Summer,Down with Disease,DwD,1,Dick's Sporting Goods Park,Commerce City,CO,USA,>
2015-09-06,2015,0,15,2,2,0,0,11,2015 Summer,2015 Summer,Carini,,1,Dick's Sporting Goods Park,Commerce City,CO,USA,>
2015-09-06,2015,0,16,2,2,0,0,7,2015 Summer,2015 Summer,Steam,,1,Dick's Sporting Goods Park,Commerce City,CO,USA,>
2015-09-06,2015,0,17,2,2,0,0,7,2015 Summer,2015 Summer,Piper,,1,Dick's Sporting Goods Park,Commerce City,CO,USA,>
2015-09-06,2015,0,18,2,2,0,0,10,2015 Summer,2015 Summer,Also Sprach Zarathustra,2001,0,Dick's Sporting Goods Park,Commerce City,CO,USA,>
2015-09-06,2015,0,19,2,2,0,0,4,2015 Summer,2015 Summer,Tweezer,,1,Dick's Sporting Goods Park,Commerce City,CO,USA,>
2015-09-06,2015,0,20,2,2,0,0,10,2015 Summer,2015 Summer,The Horse,Horse,1,Dick's Sporting Goods Park,Commerce City,CO,USA,>
2015-09-06,2015,0,21,2,2,0,0,10,2015 Summer,2015 Summer,Silent in the Morning,Silent,1,Dick's Sporting Goods Park,Commerce City,CO,USA,>
2015-09-06,2015,0,22,5,2,0,0,5,2015 Summer,2015 Summer,Slave to the Traffic Light,Slave,1,Dick's Sporting Goods Park,Commerce City,CO,USA,
2015-09-06,2015,0,23,1,e,0,0,4,2015 Summer,2015 Summer,Tweezer Reprise,Tweeprise,1,Dick's Sporting Goods Park,Commerce City,CO,USA,","
2015-09-06,2015,0,24,2,e,0,0,96,2015 Summer,2015 Summer,Harpua,,1,Dick's Sporting Goods Park,Commerce City,CO,USA,>
2015-09-06,2015,0,25,2,e,0,0,93,2015 Summer,2015 Summer,After Midnight,,0,Dick's Sporting Goods Park,Commerce City,CO,USA,>
2015-09-06,2015,0,26,2,e,0,0,7,2015 Summer,2015 Summer,NO2,,1,Dick's Sporting Goods Park,Commerce City,CO,USA,>
2015-09-06,2015,0,27,2,e,0,0,686,2015 Summer,2015 Summer,Keyboard Army,,1,Dick's Sporting Goods Park,Commerce City,CO,USA,>
2015-09-06,2015,0,28,2,e,0,0,7,2015 Summer,2015 Summer,Your Pet Cat,,1,Dick's Sporting Goods Park,Commerce City,CO,USA,>
2015-09-06,2015,0,29,2,e,0,0,636,2015 Summer,2015 Summer,Once in a Lifetime,,0,Dick's Sporting Goods Park,Commerce City,CO,USA,>
2015-09-06,2015,0,30,6,e,0,0,1702,2015 Summer,2015 Summer,United We Stand,,0,Dick's Sporting Goods Park,Commerce City,CO,USA,
2015-12-30,2015,0,1,1,1,0,0,5,2015/2016 New Year's Run,2015-2016 NYE,Sample in a Jar,Sample,1,Madison Square Garden,New York,NY,USA,","
2015-12-30,2015,0,2,1,1,0,0,1,2015/2016 New Year's Run,2015-2016 NYE,Free,,1,Madison Square Garden,New York,NY,USA,","
2015-12-30,2015,0,3,2,1,0,0,6,2015/2016 New Year's Run,2015-2016 NYE,Simple,,1,Madison Square Garden,New York,NY,USA,>
2015-12-30,2015,0,4,1,1,0,0,15,2015/2016 New Year's Run,2015-2016 NYE,Back on the Train,BOTT,0,Madison Square Garden,New York,NY,USA,","
2015-12-30,2015,0,5,1,1,0,0,3,2015/2016 New Year's Run,2015-2016 NYE,Waiting All Night,,1,Madison Square Garden,New York,NY,USA,","
2015-12-30,2015,0,6,1,1,0,0,2,2015/2016 New Year's Run,2015-2016 NYE,555,,1,Madison Square Garden,New York,NY,USA,","
2015-12-30,2015,0,7,1,1,0,0,2,2015/2016 New Year's Run,2015-2016 NYE,Roggae,,1,Madison Square Garden,New York,NY,USA,","
2015-12-30,2015,0,8,2,1,0,0,6,2015/2016 New Year's Run,2015-2016 NYE,The Dogs,,1,Madison Square Garden,New York,NY,USA,>
2015-12-30,2015,0,9,4,1,0,0,3,2015/2016 New Year's Run,2015-2016 NYE,46 Days,,1,Madison Square Garden,New York,NY,USA,
2015-12-30,2015,0,10,2,2,0,0,2,2015/2016 New Year's Run,2015-2016 NYE,Chalk Dust Torture,CDT,1,Madison Square Garden,New York,NY,USA,>
2015-12-30,2015,0,11,2,2,0,0,3,2015/2016 New Year's Run,2015-2016 NYE,Ghost,,1,Madison Square Garden,New York,NY,USA,>
2015-12-30,2015,0,12,2,2,0,0,1711,2015/2016 New Year's Run,2015-2016 NYE,Can't Always Listen,,1,Madison Square Garden,New York,NY,USA,>
2015-12-30,2015,0,13,2,2,0,0,0,2015/2016 New Year's Run,2015-2016 NYE,Ghost,,1,Madison Square Garden,New York,NY,USA,>
2015-12-30,2015,0,14,2,2,0,0,12,2015/2016 New Year's Run,2015-2016 NYE,Waves,,1,Madison Square Garden,New York,NY,USA,>
2015-12-30,2015,0,15,2,2,0,0,3,2015/2016 New Year's Run,2015-2016 NYE,Bathtub Gin,Gin,1,Madison Square Garden,New York,NY,USA,>
2015-12-30,2015,0,16,2,2,0,0,4,2015/2016 New Year's Run,2015-2016 NYE,Mike's Song,Mike's,1,Madison Square Garden,New York,NY,USA,>
2015-12-30,2015,0,17,2,2,0,0,2,2015/2016 New Year's Run,2015-2016 NYE,Bouncing Around the Room,Bouncin',1,Madison Square Garden,New York,NY,USA,>
2015-12-30,2015,0,18,3,2,0,0,4,2015/2016 New Year's Run,2015-2016 NYE,Weekapaug Groove,Weekapaug,1,Madison Square Garden,New York,NY,USA,->
2015-12-30,2015,0,19,2,2,0,0,4,2015/2016 New Year's Run,2015-2016 NYE,What's the Use?,WTU?,1,Madison Square Garden,New York,NY,USA,>
2015-12-30,2015,0,20,5,2,0,0,0,2015/2016 New Year's Run,2015-2016 NYE,Weekapaug Groove,Weekapaug,1,Madison Square Garden,New York,NY,USA,
2015-12-30,2015,0,21,6,e,0,0,2,2015/2016 New Year's Run,2015-2016 NYE,Character Zero,,1,Madison Square Garden,New York,NY,USA,
2015-12-31,2015,0,1,2,1,0,0,2,2015/2016 New Year's Run,2015-2016 NYE,The Moma Dance,Moma,1,Madison Square Garden,New York,NY,USA,>
2015-12-31,2015,0,2,1,1,0,0,6,2015/2016 New Year's Run,2015-2016 NYE,Possum,,1,Madison Square Garden,New York,NY,USA,","
2015-12-31,2015,0,3,1,1,0,0,4,2015/2016 New Year's Run,2015-2016 NYE,Wolfman's Brother,Wolfman's,1,Madison Square Garden,New York,NY,USA,","
2015-12-31,2015,0,4,1,1,0,0,11,2015/2016 New Year's Run,2015-2016 NYE,Birds of a Feather,BOAF,1,Madison Square Garden,New York,NY,USA,","
2015-12-31,2015,0,5,1,1,0,0,5,2015/2016 New Year's Run,2015-2016 NYE,I Didn't Know,IDK,1,Madison Square Garden,New York,NY,USA,","
2015-12-31,2015,0,6,1,1,0,0,7,2015/2016 New Year's Run,2015-2016 NYE,Happy Birthday to You,Happy Birthday,0,Madison Square Garden,New York,NY,USA,","
2015-12-31,2015,0,7,1,1,0,0,3,2015/2016 New Year's Run,2015-2016 NYE,Martian Monster,,1,Madison Square Garden,New York,NY,USA,","
2015-12-31,2015,0,8,1,1,0,0,5,2015/2016 New Year's Run,2015-2016 NYE,Reba,,1,Madison Square Garden,New York,NY,USA,","
2015-12-31,2015,0,9,4,1,0,0,4,2015/2016 New Year's Run,2015-2016 NYE,Walls of the Cave,WotC,1,Madison Square Garden,New York,NY,USA,
2015-12-31,2015,0,10,2,2,0,0,4,2015/2016 New Year's Run,2015-2016 NYE,The Wedge,Wedge,1,Madison Square Garden,New York,NY,USA,>
2015-12-31,2015,0,11,2,2,0,0,2,2015/2016 New Year's Run,2015-2016 NYE,Wilson,,1,Madison Square Garden,New York,NY,USA,>
2015-12-31,2015,0,12,1,2,0,0,3,2015/2016 New Year's Run,2015-2016 NYE,A Song I Heard the Ocean Sing,ASIHTOS,1,Madison Square Garden,New York,NY,USA,","
2015-12-31,2015,0,13,1,2,0,0,4,2015/2016 New Year's Run,2015-2016 NYE,Yarmouth Road,,1,Madison Square Garden,New York,NY,USA,","
2015-12-31,2015,0,14,2,2,0,0,16,2015/2016 New Year's Run,2015-2016 NYE,Kill Devil Falls,KDF,1,Madison Square Garden,New York,NY,USA,>
2015-12-31,2015,0,15,2,2,0,0,2,2015/2016 New Year's Run,2015-2016 NYE,Piper,,1,Madison Square Garden,New York,NY,USA,>
2015-12-31,2015,0,16,4,2,0,0,3,2015/2016 New Year's Run,2015-2016 NYE,Twist,,1,Madison Square Garden,New York,NY,USA,
2015-12-31,2015,0,17,2,3,0,0,3,2015/2016 New Year's Run,2015-2016 NYE,No Men In No Man's Land,NMINML,1,Madison Square Garden,New York,NY,USA,>
2015-12-31,2015,0,18,2,3,0,0,30,2015/2016 New Year's Run,2015-2016 NYE,Auld Lang Syne,,0,Madison Square Garden,New York,NY,USA,>
2015-12-31,2015,0,19,2,3,0,0,4,2015/2016 New Year's Run,2015-2016 NYE,Blaze On,,1,Madison Square Garden,New York,NY,USA,>
2015-12-31,2015,0,20,2,3,0,0,2,2015/2016 New Year's Run,2015-2016 NYE,Carini,,1,Madison Square Garden,New York,NY,USA,>
2015-12-31,2015,0,21,1,3,0,0,8,2015/2016 New Year's Run,2015-2016 NYE,David Bowie,Bowie,1,Madison Square Garden,New York,NY,USA,","
2015-12-31,2015,0,22,2,3,0,0,2,2015/2016 New Year's Run,2015-2016 NYE,The Horse,Horse,1,Madison Square Garden,New York,NY,USA,>
2015-12-31,2015,0,23,2,3,0,0,2,2015/2016 New Year's Run,2015-2016 NYE,Silent in the Morning,Silent,1,Madison Square Garden,New York,NY,USA,>
2015-12-31,2015,0,24,5,3,0,0,2,2015/2016 New Year's Run,2015-2016 NYE,Backwards Down the Number Line,BDTNL,0,Madison Square Garden,New York,NY,USA,
2015-12-31,2015,0,25,2,e,0,0,4,2015/2016 New Year's Run,2015-2016 NYE,Tube,,1,Madison Square Garden,New York,NY,USA,>
2015-12-31,2015,0,26,6,e,0,0,12,2015/2016 New Year's Run,2015-2016 NYE,Cavern,,1,Madison Square Garden,New York,NY,USA,
